Carbide,Heed the call to action.,LEGENDARY,carbide,4,1,null,null,0,0,null,Carbide Style,Carbide Set,OUTFIT,RELEASED
Drift,"Journey into the unknown, and find you way to victory.",LEGENDARY,drift,5,1,null,null,0,0,null,Drift Style,Drift Set,OUTFIT,RELEASED
Positron,Stay positive.,RARE,positron,0,0,null,null,0,0,Carbide Challenges,null,Carbide Set,HARVESTINGTOOL,RELEASED
Onslaught,Unrelenting.,EPIC,onslaught,0,0,null,null,0,0,Omega Challenges,null,Omega Set,HARVESTINGTOOL,RELEASED
Permafrost,Chiseled from glacial ice.,EPIC,permafrost,0,0,null,null,0,0,Ragnarok Challenges,null,Harbinger Set,HARVESTINGTOOL,RELEASED
High Octance,Operating at maximum horsepower.,EPIC,high-octane,3,100,null,null,0,0,Tier 100 Season 3 Challenges,null,Hired Gun Set,GLIDER,RELEASED
Quiet on the Set,"The Monster of Moisty' Scene 23, Take 31 Director's Notes: 'He was finally puckering up when it all cmae crashing down…'",,quiet-on-the-set,0,0,null,null,0,0,Blockbuster Challenges,null,null,LOADINGSCREEN,RELEASED
Road Trip,What better place to start than a giant hilltop burger? We convinced a new friend to join us as well.,UNCOMMON,road-trip,0,0,null,null,0,0,Road Trip Challenges,null,null,LOADINGSCREEN,RELEASED
At Last... I Am Free,I will reclaim my power. I will gather my allies. I will have my vengeance.,UNCOMMON,at-last-i-am-free,0,0,null,null,0,0,Blockbuster Challenges,null,null,LOADINGSCREEN,RELEASED
Fairway Fun,We hit the links and invented some new rules for golf. They mostly involved driving around really fast,UNCOMMON,fairway-fun,0,0,null,null,0,0,Road Trip Challenges,null,null,LOADINGSCREEN,RELEASED
A Looming Threat,"Once again, our heros must unite and heed the call to action.",UNCOMMON,a-looming-threat,0,0,null,null,0,0,Blockbuster Challenges,null,null,LOADINGSCREEN,RELEASED
Track Record,We learned that you can go really fast if you boost out of the corners. You may lose a passenger or two though.,UNCOMMON,track-record,0,0,null,null,0,0,Road Trip Challenges,null,null,LOADINGSCREEN,RELEASED
Retribution,I will overpower. I will prevail. I will reign.,UNCOMMON,retribution,0,0,null,null,0,0,Blockbuster Challenges,null,null,LOADINGSCREEN,RELEASED
Poolside Paradise,We found a pool party and decided to jump in. Whether we were invited or not doesn't really seem important.,UNCOMMON,poolside-paradise,0,0,null,null,0,0,Road Trip Challenges,null,null,LOADINGSCREEN,RELEASED
Showdown,"In the ultimate battle of good versus evil, who will prevail?",UNCOMMON,showdown,0,0,null,null,0,0,Blockbuster Challenges,null,null,LOADINGSCREEN,RELEASED
Blast from the Past,"After stumbling across a long lost relative, we all became part of the family.",UNCOMMON,blast-from-the-past,0,0,null,null,0,0,Road Trip Challenges,null,null,LOADINGSCREEN,RELEASED
Opening Night,"We were lured by the smell of popcorn, and stuck around for a movie screening.",UNCOMMON,opening-night,0,0,null,null,0,0,Road Trip Challenges,null,null,LOADINGSCREEN,RELEASED
That's a Wrap,Director's Notes: 'What a crazy shoot! Those meteors that crashed down sure gave us a lot of extra free production value! Glad we survived it!',UNCOMMON,thats-a-wrap,0,0,null,null,0,0,Blockbuster Challenges,null,null,LOADINGSCREEN,RELEASED
Signing Back In,The motel staff promised us a quiet stay without disturbance. Zero stars.,,null,0,0,null,null,0,0,Road Trip Challenges,null,null,LOADINGSCREEN,RELEASED
The Visitor,From beyond the unknown to the center of Dusty Divot.,UNCOMMON,the-visitor,0,0,null,null,0,0,Blockbuster Challenges,null,null,LOADINGSCREEN,RELEASED
Retrofit,Modification required…,UNCOMMON,retrofit,0,0,null,null,0,0,Blockbuster Challenges,null,n,LOADINGSCREEN,RELEASED
Rift Edge,Piercing through the dimensional plane.,EPIC,rift-edge,0,0,null,null,0,0,Drift Challenges,null,Drift Set,HARVESTINGTOOL,RELEASED
Boogie Down,Boogie down with Populotus.,EPIC,boogie-down,0,0,null,null,0,0,Enable 2FA,null,null,DANCE,RELEASED
Birthday Cake,Piece of cake.,RARE,birthday-cake,0,0,null,null,0,0,Fortnite 1st Birthday,null,null,BACKBLING,RELEASED
Happy Birthday!,Leave your mark.,UNCOMMON,happy-birthday,0,0,null,null,0,0,Fortnite 1st Birthday,null,null,SPRAY,RELEASED
Fortnite Birthday,Express yourself on the battlefield.,UNCOMMON,fortnite-birthday,0,0,null,null,0,0,Fortnite 1st Birthday,null,null,EMOTICON,RELEASED
Penguin,Flightless fasion.,RARE,penguin,0,0,null,Wegame,0,0,Invite Friends,null,null,BACKBLING,RELEASED
Pointer,Get to the point.,RARE,pointer,0,0,null,Chinese Version of Fortnite,0,0,null,null,Fortnite China Set,HARVESTINGTOOL,RELEASED
Power Grip,Get a grip.,RARE,power-grip,0,0,null,Chinese Version of Fortnite,0,0,null,null,Fortnite China Set,HARVESTINGTOOL,RELEASED
EEE,Leave your mark.,UNCOMMON,eee,0,0,null,E3 Pro-Am Swag Bag,0,0,null,null,null,SPRAY,RELEASED
Catalyst,Rugged and ready.,EPIC,catalyst,0,0,Rogue Agent,Fortnite Starter Pack,0,0,null,null,Black Vector Set,BACKBLING,RELEASED
Rogue Agent,Agent Status: Unknown,EPIC,rogue-agent,0,0,null,Fortnite Starter Pack,0,4.99,null,null,Black Vector Set,OUTFIT,RELEASED
Bogey Bag,You've got a bogey on your six.,EPIC,bogey-bag,0,0,Wingman,Fortnite Starter Pack #2,0,0,null,null,Volume 11 Set,BACKBLING,RELEASED
Wingman,Flying under the radar.,EPIC,wingman,0,0,null,Fortnite Starter Pack #2,0,4.99,null,null,Wingman Starter Pack,OUTFIT,RELEASED
Swag Bag,Take the money and run.,EPIC,swag-bag,0,0,The Ace,Fortnite Starter Pack #3,0,0,null,null,Getaway Gang Set,BACKBLING,RELEASED
The Ace,Stack the deck.,EPIC,the-ace,0,0,null,Fortnite Starter Pack #3,0,4.99,null,null,Getaway Gang Set,OUTFIT,RELEASED
Air Tank,Catch your breath.,EPIC,air-tank,0,0,Reef Ranger,null,0,0,null,null,Divemasters Set,BACKBLING,RELEASED
Alphine Accessories,An olympic ski bag.,EPIC,alphine-accessories,0,0,Alphine Ace (USA),null,0,0,null,null,Winter Ski Set,BACKBLING,RELEASED
Alphine Accessories (CAN),An olympic ski bag.,EPIC,alphine-accessories-can,0,0,Alphine Ace (CAN),null,0,0,null,null,Winter Ski Set,BACKBLING,RELEASED
Alphine Accessories (CHN),An olympic ski bag.,EPIC,alphine-accessories-chn,0,0,Alphine Ace (CHN),null,0,0,null,null,Winter Ski Set,BACKBLING,RELEASED
Alphine Accessories (FRA),An olympic ski bag.,EPIC,alphine-accessories-fra,0,0,Alphine Ace (FRA),null,0,0,null,null,Winter Ski Set,BACKBLING,RELEASED
Alphine Accessories (GBR),An olympic ski bag.,EPIC,alphine-accessories-gbr,0,0,Alphine Ace (GBR),null,0,0,null,null,Winter Ski Set,BACKBLING,RELEASED
Alphine Accessories (GER),An olympic ski bag.,EPIC,alphine-accessories-ger,0,0,Alphine Ace (GER),null,0,0,null,null,Winter Ski Set,BACKBLING,RELEASED
Alphine Accessories (KOR),An olympic ski bag.,EPIC,alphine-accessories-kor,0,0,Alphine Ace (KOR),null,0,0,null,null,Winter Ski Set,BACKBLING,RELEASED
Alphine Accessories (USA),An olympic ski bag.,EPIC,alphine-accessories-usa,0,0,Alphine Ace (USA),null,0,0,null,null,Winter Ski Set,BACKBLING,RELEASED
Astro,Backpack is nominal.,EPIC,astro,3,47,null,null,0,0,null,null,Space Explorers Set,BACKBLING,RELEASED
Back Plate,Put your back into it,EPIC,back-plate,0,0,Aerobic Assassin,null,0,0,null,null,Spandex Squad Set,BACKBLING,RELEASED
Ballistic,Locked in.,EPIC,ballistic,0,0,Shade,null,0,0,null,null,Cobra Crew Set,BACKBLING,RELEASED
Blasting Cap,It's a blast!,EPIC,blasting-cap,0,0,Fireworks Team Leader,null,0,0,null,null,Stars and Striped Set,BACKBLING,RELEASED
Bat Attitude,Carry a grudge.,EPIC,bat-attitude,0,0,Maverick,null,0,0,null,null,Cobra Crew Set,BACKBLING,RELEASED
Boombox,Blast it.,EPIC,boombox,0,0,Mullet Marauder,null,0,0,null,null,Spandex Squad Set,BACKBLING,RELEASED
Brite Bag,Don't forget to pack a smile!,EPIC,brite-bag,0,0,Brite Gunner,null,0,0,null,null,Sunshine and Rainbows Set,BACKBLING,RELEASED
Buckler,A battle-tested shield.,EPIC,buckler,0,0,Highland Warrior,null,0,0,null,null,Laoch Set,BACKBLING,RELEASED
Burgle Bag,Tools of the trade.,EPIC,burgle-bag,0,0,Rapscallion,null,0,0,null,null,Jailbird Set,BACKBLING,RELEASED
Cluefinder,Follow the clues.,EPIC,cluefinder,0,0,Noir,null,0,0,null,null,Hardboiled Set,BACKBLING,RELEASED
Confidential Case,Build a case.,EPIC,confidential-case,0,0,Gumshoe,null,0,0,null,null,Hardboiled Set,BACKBLING,RELEASED
Contagion,Infectiously stylish.,EPIC,contagion,0,0,Hazard Agent,null,0,0,null,null,Outbreak Set,BACKBLING,RELEASED
Deep Fried,Perfectly greasy.,EPIC,deep-fried,0,0,Beef Boss,null,0,0,null,null,Durr Burger Set,BACKBLING,RELEASED
Diving Tank,Breathe easy.,EPIC,diving-tank,0,0,Wreck Raier,null,0,0,null,null,Divemasters Set,BACKBLING,RELEASED
Eggshell,Well hidden.,EPIC,eggshell,0,0,Bunny Brawler,null,0,0,null,null,Pastel Patrol Set,BACKBLING,RELEASED
Evidence Bag,Forensic fashion.,EPIC,evidence-bag,0,0,Sleuth,null,0,0,null,null,Hardboiled Set,BACKBLING,RELEASED
Goodie Bag,Sweet!,EPIC,goodie-bag,4,55,null,null,0,0,null,null,Sweet Tooth Set,BACKBLING,RELEASED
Hard Boiled,Dipped and dyed.,EPIC,hard-boilded,0,0,Rabbit Raider,null,0,0,null,null,Pastel Patrol Set,BACKBLING,RELEASED
Ignition,Start it up.,EPIC,ignition,0,0,Whiteout,null,0,0,null,null,Vanishing Point Set,BACKBLING,RELEASED
Lane Splitter,Cut through the crowd.,EPIC,lane-splitter,0,0,Overtaker,null,0,0,null,null,Vanishing Point Set,BACKBLING,RELEASED
Mogul Ski Bag,Ski combat readiness backpack.,EPIC,mogul-ski-bag,0,0,Mogul Master,null,0,0,null,null,Winter Ski Set,BACKBLING,RELEASED
Mogul Ski Bag (CAN),Ski combat readiness backpack.,EPIC,mogul-ski-bag-can,0,0,Mogul Master (CAN),null,0,0,null,null,Winter Ski Set,BACKBLING,RELEASED
Mogul Ski Bag (CHN),Ski combat readiness backpack.,EPIC,mogul-ski-bag-chn,0,0,Mogul Master (CHN),null,0,0,null,null,Winter Ski Set,BACKBLING,RELEASED
Mogul Ski Bag (FRA),Ski combat readiness backpack.,EPIC,mogul-ski-bag-fra,0,0,Mogul Master (FRA),null,0,0,null,null,Winter Ski Set,BACKBLING,RELEASED
Mogul Ski Bag (GBR),Ski combat readiness backpack.,EPIC,mogul-ski-bag-gbr,0,0,Mogul Master (GBR),null,0,0,null,null,Winter Ski Set,BACKBLING,RELEASED
Mogul Ski Bag (GER),Ski combat readiness backpack.,EPIC,mogul-ski-bag-ger,0,0,Mogul Master (GER),null,0,0,null,null,Winter Ski Set,BACKBLING,RELEASED
Mogul Ski Bag (KOR),Ski combat readiness backpack.,EPIC,mogul-ski-bag-kor,0,0,Mogul Master (KOR),null,0,0,null,null,Winter Ski Set,BACKBLING,RELEASED
Mogul Ski Bag (USA),Ski combat readiness backpack.,EPIC,mogul-ski-bag-usa,0,0,Mogul Master (USA),null,0,0,null,null,Winter Ski Set,BACKBLING,RELEASED
Paradigm,Untility redefined.,EPIC,paradigm,0,0,Archetype,null,0,0,null,null,Archetype Set,BACKBLING,RELEASED
Pathogen,Pleasantly pathological,EPIC,pathogen,0,0,Toxic Trooper,null,0,0,null,null,Outbreak Set,BACKBLING,RELEASED
Pool Party,Magically floaty.,EPIC,pool-party,5,38,null,null,0,0,null,null,Rescue Patrol Set,BACKBLING,RELEASED
Rearguard,Sturdy guardian.,EPIC,rearguard,5,55,null,null,0,0,null,null,Norse Set,BACKBLING,RELEASED
Rescue Ring,Unsinkable.,EPIC,rescue-ring,0,0,Sun Tan Specialist,null,0,0,null,null,Rescue Patrol Set,BACKBLING,RELEASED
Rust Bucket,Got a screw loose? It's probably in here.,EPIC,rust-bucket,0,0,null,null,0,0,null,null,Storm Scavenger Set,BACKBLING,RELEASED
Steelcast,Precision welded.,EPIC,steelcast,0,0,Steelsight,null,0,0,null,null,null,BACKBLING,RELEASED
Strongbox,Get crackin'.,EPIC,strongbox,0,0,Scoundrel,null,0,0,null,null,Jailbird Set,BACKBLING,RELEASED
Tag Bag,Paint the town red… and white… and purple…,EPIC,tag-bag,0,0,Abstrackt,null,0,0,null,null,Aerosol Assassins Set,BACKBLING,RELEASED
Uplink,Always engaged,EPIC,uplink,5,14,null,null,0,0,null,null,null,BACKBLING,RELEASED
Ventura Cape,Take initiative.,EPIC,ventura-cape,0,0,Ventura,null,0,0,null,null,Venture Set,BACKBLING,RELEASED
Venturion Cape,Take action.,EPIC,venturion-cape,0,0,Venturion,null,0,0,null,null,Venture Set,BACKBLING,RELEASED
Bamboo,Fresh and crunchy.,LEGENDARY,bamboo,0,0,P.A.N.A.D.A Team Leader,null,0,0,null,null,null,BACKBLING,RELEASED
Battle Shroud,Shrouded in mystery,LEGENDARY,battle-shroud,0,0,Omen,null,0,0,null,null,Overseer Set,BACKBLING,RELEASED
Black Shield,The Black Knight's legendary shield.,LEGENDARY,black-shield,0,0,Black Knight,null,0,0,null,null,Fort Knights Set,BACKBLING,RELEASED
Crested Cape,Cloaked and courageous.,LEGENDARY,crested-cape,0,0,Battle Hound,null,0,0,null,null,Laoch Set,BACKBLING,RELEASED
Cuddle Bow,Hugs!,LEGENDARY,cuddle-bow,0,0,Cuddle Team Leader,null,0,0,null,null,Royale Hearts Set,BACKBLING,RELEASED
Dark Matter,Theoretical Fashion,LEGENDARY,dark-matter,3,71,null,null,0,0,null,null,Space Explorers Set,BACKBLING,RELEASED
Dark Void,Stellar.,LEGENDARY,dark-void,0,0,Dark Vanguard,null,0,0,null,null,Space Explorers Set,BACKBLING,RELEASED
Dark Wings,Swoop in and take the spoils,LEGENDARY,dark-wings,0,0,Ravage,null,0,0,null,null,Nevermore Set,BACKBLING,RELEASED
Deflector,Change the course of the battle,LEGENDARY,deflector,0,0,Vertex,null,0,0,null,null,Apex Protocol Set,BACKBLING,RELEASED
Destabilizer,Embrace the chaos.,LEGENDARY,destabilizer,0,0,Oblivion,null,0,0,null,null,Oblivion Set,BACKBLING,RELEASED
Enduring Cape,Battle-proven.,LEGENDARY,enduring-cape,0,0,Magnus,null,0,0,null,null,Norse Set,BACKBLING,RELEASED
Fish Tank,Do not tap on the glass!,LEGENDARY,fish-tank,0,0,Leviathan,null,0,0,null,null,Space Explorers Set,BACKBLING,RELEASED
Frozen Shroud,A relic of the acients,LEGENDARY,frozen-shroud,0,0,Ragnarok,null,0,0,null,null,Harbinger Set,BACKBLING,RELEASED
Hatchling,Clever bag.,LEGENDARY,hatchling,0,0,Tricera Ops,null,0,0,null,null,Dino Guard Set,BACKBLING,RELEASED
Iron Cage,There is no escape.,LEGENDARY,iron-cage,0,0,Raven,null,0,0,null,null,Nevermore Set,BACKBLING,RELEASED
Last Gasp,Barrel roll through the competition.,LEGENDARY,last-gasp,0,0,Sky Stalker,null,0,0,null,null,Sky Stalker Set,BACKBLING,RELEASED
Love Wings,Spread the love.,LEGENDARY,love-wings,0,0,Love Ranger,null,0,0,null,null,Royale Hearts Set,BACKBLING,RELEASED
Mertank,Breathe easy,LEGENDARY,mertank,0,0,Moisty Merman,null,0,0,null,null,null,BACKBLING,RELEASED
Offworld Rig,Intergalactic original,LEGENDARY,offworld-rig,0,0,The Visitor,null,0,0,null,null,null,BACKBLING,RELEASED
Ominous Orb,Gaze info infinity.,LEGENDARY,ominous-orb,0,0,Fate,null,0,0,null,null,Overseer Set,BACKBLING,RELEASED
Raptor Satchel,Royale Air Force standard issue.,LEGENDARY,raptor-satchel,0,0,Raptor,null,0,0,null,null,n,BACKBLING,RELEASED
Red Shield,The Red Knight's lengedary shield.,LEGENDARY,red-shield,0,0,Red Knight,null,0,0,null,null,Fort Knights Set,BACKBLING,RELEASED
Royale Flags,Let your royale flag fly.,LEGENDARY,royale-flags,0,0,Wukong,null,0,0,null,null,Wukong Set,BACKBLING,RELEASED
Sashimono,Storied sigil.,LEGENDARY,sashimono,0,0,Musha,null,0,0,null,null,Bushido Set,BACKBLING,RELEASED
Scaly,Rough around the edges,LEGENDARY,scaly,0,0,Rex,null,0,0,null,null,Dino Guard Set,BACKBLING,RELEASED
Shark Fin,Foreboding.,LEGENDARY,shark-fin,0,0,Chomp Sr.,null,0,0,null,null,Chomp Set,BACKBLING,RELEASED
Shiro,Nyan!,LEGENDARY,shiro,0,0,Hime,null,0,0,null,null,Bushido Set,BACKBLING,RELEASED
Six String,Tuned for mayhem.,LEGENDARY,six-string,0,0,Power Chord,null,0,0,null,null,Volume 11 Set,BACKBLING,RELEASED
Stabilizer,Stay in control.,LEGENDARY,stabilizer,0,0,Criterion,null,0,0,null,null,Criterion Set,BACKBLING,RELEASED
Subjugator,Quell the competition.,LEGENDARY,subjugator,0,0,Enforcer,null,0,0,null,null,null,BACKBLING,RELEASED
Backbone,King of the highway!,RARE,backbone,0,0,null,null,1200,0,null,null,Biker Brigade Set,OUTFIT,RELEASED
Chef's Choice,Perfectly sliced.,RARE,chefs-choice,0,0,Sushi Master,null,0,0,null,null,Sushi Set,BACKBLING,RELEASED
Precision,Tactical and Practical.,RARE,precision,3,22,null,null,0,0,null,null,Black Vector Set,BACKBLING,RELEASED
Road Flair,Built for the road.,RARE,road-flair,0,0,Chopper,null,0,0,null,null,Biker Brigade Set,BACKBLING,RELEASED
Road Ready,Two-wheel toolkit,RARE,road-ready,0,0,Backbone,null,0,0,null,null,Biker Brigade Set,BACKBLING,RELEASED
Royale Shield,A royal shield.,RARE,royal-shield,0,0,Royale Knight,null,0,0,null,null,Fort Knights Set,BACKBLING,RELEASED
Special Delivery,Keep the change.,EPIC,special-delivery,0,0,TomatoHead,null,0,0,null,null,Pizza Pit Set,BACKBLING,RELEASED
Squire Shield,A trusty shield.,RARE,squire-shield,0,0,Blue Squire,null,0,0,null,null,Fort Knights Set,BACKBLING,RELEASED
Standard Issue,Prepared for anything.,RARE,standard-issue,4,10,null,null,0,0,null,null,Advanced Forces Set,BACKBLING,RELEASED
Buckled,Buckle Up!,UNCOMMON,buckled,0,0,null,null,800,0,null,null,null,BACKBLING,RELEASED
Slashed,For narrow escapes.,UNCOMMON,slashed,0,0,null,null,800,0,null,null,null,BACKBLING,RELEASED
Vintage,Lovingly broken in.,UNCOMMON,vintage,0,0,null,null,800,0,null,null,null,BACKBLING,RELEASED
All-Star,Freefall in style.,RARE,all-star,3,50,null,null,0,0,null,null,null,CONTRAIL,RELEASED
Bubbles,Freefall in style.,RARE,bubbles,3,69,null,null,0,0,null,null,null,CONTRAIL,RELEASED
Dark Feathers,Freefall in style.,RARE,dark-feathers,0,0,Ravage,null,0,0,null,null,Nevermore Set,CONTRAIL,RELEASED
Flames,Freefall in style.,RARE,flames,3,84,null,null,0,0,null,null,null,CONTRAIL,RELEASED
Glitch In The System,Freefall in style.,RARE,glitch-in-the-system,5,54,null,null,0,0,null,null,null,CONTRAIL,RELEASED
Hearts,Freefall in style.,RARE,hearts,4,68,null,null,0,0,null,null,null,CONTRAIL,RELEASED
Ice Crystals,Freefall in style.,RARE,ice-crystals,5,68,null,null,0,0,null,null,null,CONTRAIL,RELEASED
Lanterns,Freefall in style.,RARE,laterns,5,20,null,null,0,0,null,null,null,CONTRAIL,RELEASED
Lightning,Freefall in style.,RARE,lightning,4,50,null,null,0,0,null,null,null,CONTRAIL,RELEASED
Rainbow,Freefall in style.,RARE,rainbow,3,20,null,null,0,0,null,null,null,CONTRAIL,RELEASED
Retro Sci-Fi,Freefall in style.,RARE,retro-sci-fi,4,20,null,null,0,0,null,null,null,CONTRAIL,RELEASED
Runic,Freefall in style.,RARE,runic,5,36,null,null,0,0,null,null,null,CONTRAIL,RELEASED
Shooting Star,Freefall in style.,RARE,shooting-star,4,84,null,null,0,0,null,null,null,CONTRAIL,RELEASED
Spray Paint,Freefall in style.,RARE,spray-paint,4,36,null,null,0,0,null,null,null,CONTRAIL,RELEASED
TP,Freefall in style.,RARE,tp,5,84,null,null,0,0,null,null,null,CONTRAIL,RELEASED
Ultramarine,Freefall in style.,RARE,ultramarine,3,36,null,null,0,0,null,null,null,CONTRAIL,RELEASED
Dance Moves,Express yourself on the battlefield.,COMMON,dance-moves,0,0,null,null,0,0,null,null,null,DANCE,RELEASED
Floss,Express yourself on the battlefield.,RARE,floss,2,49,null,null,0,0,null,null,null,DANCE,RELEASED
Respect,For worthy combatants,UNCOMMON,respect,4,54,null,null,0,0,null,null,null,DANCE,RELEASED
Salute,At ease!,UNCOMMON,salute,3,10,null,null,0,0,null,null,null,DANCE,RELEASED
Breakdown,Break it down.,EPIC,breakdown,5,95,null,null,0,0,null,null,null,DANCE,RELEASED
Breakin,Bust a move!,EPIC,breakin,0,0,null,null,800,0,null,null,null,DANCE,RELEASED
Dance Therapy,Let it all out.,EPIC,dance-therapy,0,0,null,null,800,0,null,null,null,DANCE,RELEASED
Disco Fever,Heat up the dance floor.,EPIC,disco-fever,0,0,null,null,800,0,null,null,Fortnite Fever Set,DANCE,RELEASED
Electro Shuffle,An Electro Dance.,EPIC,electro-shuffle,0,0,null,null,800,0,null,null,null,DANCE,RELEASED
Fresh,Express yourself on the battlefield.,EPIC,fresh,0,0,null,null,800,0,null,null,null,DANCE,RELEASED
Groove Jam,Untamed groove.,EPIC,groove-jam,4,95,null,null,0,0,null,null,null,DANCE,RELEASED
Hula,Get the luau started.,EPIC,hula,0,0,null,null,800,0,null,null,null,DANCE,RELEASED
Intensity,Dance like you mean it.,EPIC,intensity,0,0,null,null,800,0,null,null,null,DANCE,RELEASED
Llama Bell,Clang! Clang! Clang! Clang!,EPIC,llama-bell,0,0,null,null,800,0,null,null,null,DANCE,RELEASED
Pop Lock,Lock it down.,EPIC,pop-lock,0,0,null,null,800,0,null,null,null,DANCE,RELEASED
Reanimated,Dancing from beoynd the Rave!,EPIC,reanimated,0,0,null,null,800,0,null,null,null,DANCE,RELEASED
Rock Out,Are you ready to rock?!,EPIC,rock-out,0,0,null,null,800,0,null,null,Volume 11 Set,DANCE,RELEASED
Rocket Rodeo,Hang on tight!,EPIC,rocket-rodeo,0,0,null,null,800,0,null,null,null,DANCE,RELEASED
Squat Kick,Don't skip leg day,EPIC,squat-kick,0,0,null,null,800,0,null,null,null,DANCE,RELEASED
Star Power,No autographs please.,EPIC,star-power,0,0,null,null,800,0,null,null,null,DANCE,RELEASED
The Robot,Execute dance sequence,EPIC,the-robot,3,95,null,null,0,0,null,null,null,DANCE,RELEASED
True Heart,<3,EPIC,true-heart,0,0,null,null,800,0,null,null,null,DANCE,RELEASED
Baller,Show off your moves.,RARE,baller,0,0,null,null,500,0,null,null,null,DANCE,RELEASED
Best Mates,Who's your best mate?,RARE,best-mates,3,63,null,null,0,0,null,null,null,DANCE,RELEASED
Boneless,Beyond bendy.,RARE,boneless,0,0,null,null,500,0,null,null,null,DANCE,RELEASED
Calculated,Think about it.,RARE,calculated,5,46,null,null,0,0,null,null,null,DANCE,RELEASED
Chicken,Top of the pecking order.,RARE,chicken,0,0,null,null,500,0,null,null,null,DANCE,RELEASED
Capoeira,Are you ready to dance with danger?,RARE,capoeria,0,0,null,null,500,0,null,null,n,DANCE,RELEASED
Confused,Seriously. what happened?,RARE,confused,0,0,null,null,500,0,null,null,null,DANCE,RELEASED
Dab,A Dab Dance Move,RARE,dab,0,0,null,null,500,0,null,null,null,DANCE,RELEASED
Eagle,Believe you can fly.,RARE,eagle,0,0,null,null,500,0,null,null,null,DANCE,RELEASED
Flapper,It's the bees knees!,RARE,flapper,0,0,null,null,500,0,null,null,null,DANCE,RELEASED
Flippin Incredible,Flip on 'em. Flex on em.,RARE,flippin-incredible,0,0,null,null,500,0,null,null,null,DANCE,RELEASED
Flippin' Sexy,Flip out!,RARE,flippin-sexy,0,0,null,null,500,0,null,null,null,DANCE,RELEASED
Hootenanny,Yee haw!,RARE,hootenanny,0,0,null,null,500,0,null,null,null,DANCE,RELEASED
Hype,Get hyped.,RARE,hype,4,63,null,null,0,0,null,null,null,DANCE,RELEASED
Infinite Dab,"Can't stop, won't stop.",RARE,infinite-dab,0,0,null,null,500,0,null,null,null,DANCE,RELEASED
Kick Ups,"Look, no hands.",RARE,kick-ups,0,0,null,null,500,0,null,null,null,DANCE,RELEASED
Kiss Kiss,Show some love.,RARE,kiss-kiss,0,0,null,null,500,0,null,null,Royale Hearts Set,DANCE,RELEASED
Laugh It Up,What's so funny?,RARE,laugh-it-up,0,0,null,null,500,0,null,null,null,DANCE,RELEASED
Living Large,Life is good.,RARE,living-large,0,0,null,null,500,0,null,null,null,DANCE,RELEASED
Make It Rain,Better grab an umbrella!,RARE,make-it-rain,0,0,null,null,500,0,null,null,null,DANCE,RELEASED
On The Hook,Reel in a prize catch.,RARE,on-the-hook,0,0,null,null,500,0,null,null,null,DANCE,RELEASED
Orange Justice,It's also a great exercise move.,RARE,orange-justice,4,26,null,null,0,0,null,null,null,DANCE,RELEASED
Popcorn,This is gettin' good.,RARE,popcorn,4,31,null,null,0,0,null,null,null,DANCE,RELEASED
Praise the Tomato,Splatter unto thee.,RARE,praise-the-tomato,0,0,null,null,500,0,null,null,null,DANCE,RELEASED
Pumpernickel,Get pumped.,RARE,pumpernickel,0,0,null,null,500,0,null,null,null,DANCE,RELEASED
Pure Salt,All purpose seasoning.,RARE,pure-salt,0,0,null,null,500,0,null,null,null,DANCE,RELEASED
Rambunctious,The embodiment of boundless energy.,RARE,rambunctious,0,0,null,null,500,0,null,null,null,DANCE,RELEASED
RAWR,Tyrannosaurus Royale,RARE,rawr,0,0,null,null,500,0,null,null,null,DANCE,RELEASED
Ride the Pony,Express yourself on the battlefield.,RARE,ride-the-pony,2,20,null,null,0,0,null,null,null,DANCE,RELEASED
Rocket Spinner,Don't try this at home,RARE,rocket-spinner,0,0,null,null,500,0,null,null,null,DANCE,RELEASED
Step It Up,Do a little jig.,RARE,step-it-up,0,0,null,null,500,0,null,null,null,DANCE,RELEASED
Swipe It,Swipe it over and over again,RARE,swipe-it,5,63,null,null,0,0,null,null,null,DANCE,RELEASED
Take the L,Savor th W.,RARE,take-the-l,3,31,null,null,0,0,null,null,null,DANCE,RELEASED
The Worm,Express yourself on the battlefield.,RARE,the-worm,2,28,null,null,0,0,null,null,null,DANCE,RELEASED
Tidy,Keep it tidy.,RARE,tidy,0,0,null,null,500,0,null,null,null,DANCE,RELEASED
Twist,It's all in the hips.,RARE,twist,0,0,null,null,500,0,null,null,null,DANCE,RELEASED
Wiggle,Never stop wigglin',RARE,wiggle,0,0,null,null,500,0,null,null,null,DANCE,RELEASED
Work It Out,Break a sweat.,RARE,work-it-out,0,0,null,null,500,0,null,null,null,DANCE,RELEASED
You're Awesome,Seriously. We all think so.,RARE,youre-awesome,5,31,null,null,0,0,null,null,null,DANCE,RELEASED
Zany,"Go ahead, get weird with it.",RARE,zany,0,0,null,null,500,0,null,null,null,DANCE,RELEASED
Breaking Point,Give 'em a break.,UNCOMMON,breaking-point,0,0,null,null,200,0,null,null,null,DANCE,RELEASED
Bring It,Let's see what you've got.,UNCOMMON,bring-it,0,0,null,null,200,0,null,null,null,DANCE,RELEASED
Brush Your Shoulders,Get that dirt off your shoulder.,UNCOMMON,brush-your-shoulders,0,0,null,null,200,0,null,null,null,DANCE,RELEASED
Click,Jump for joy,UNCOMMON,click,0,0,null,null,200,0,null,null,null,DANCE,RELEASED
Dip,Take a dip,UNCOMMON,dip,0,0,null,null,200,0,null,null,null,DANCE,RELEASED
Face Palm,The cringe is real.,UNCOMMON,face-palm,0,0,null,null,200,0,null,null,null,DANCE,RELEASED
Finger Guns,Character does shooting gun motion with his fingers.,UNCOMMON,finger-guns,0,0,null,null,200,0,null,null,null,DANCE,RELEASED
Finger Wag,"Not today, my friend.",UNCOMMON,finger-wag,0,0,null,null,200,0,null,null,null,DANCE,RELEASED
Gentleman's Dab,Salutations good sir!,UNCOMMON,gentlemans-dab,5,6,null,null,0,0,null,null,null,DANCE,RELEASED
Go! Go! Go!,You can do it!,UNCOMMON,go-go-go,0,0,null,null,200,0,null,null,null,DANCE,RELEASED
Gun Show,Express yourself on the battlefield.,UNCOMMON,gun-show,0,0,null,null,200,0,null,null,null,DANCE,RELEASED
Hot Stuff,Tss!,UNCOMMON,hot-stuff,0,0,null,null,200,0,null,null,null,DANCE,RELEASED
Jubilation,A heaping helping of happiness!,UNCOMMON,jubilation,0,0,null,null,200,0,null,null,null,DANCE,RELEASED
Red Card,Foul play!,UNCOMMON,red-card,0,0,null,null,200,0,null,null,null,DANCE,RELEASED
Rock Paper Scissors,Best out of three.,UNCOMMON,rock-paper-scissors,0,0,null,null,500,0,null,null,null,DANCE,RELEASED
Slow Clap,Slowly clap your hands.,UNCOMMON,slow-clap,0,0,null,null,200,0,null,null,null,DANCE,RELEASED
Snap,Make it snappy,UNCOMMON,snap,0,0,null,null,200,0,null,null,null,DANCE,RELEASED
Sparkler,So Sparkly!,UNCOMMON,sparkler,0,0,null,null,200,0,null,null,null,DANCE,RELEASED
Take 14,",,,and action!",UNCOMMON,take-14,0,0,null,null,200,0,null,null,null,DANCE,RELEASED
Thumbs Down,Nah.,UNCOMMON,thumbs-down,0,0,null,null,200,0,null,null,null,DANCE,RELEASED
Thumbs Up,Aye!,UNCOMMON,thumbs-up,0,0,null,null,200,0,null,null,null,DANCE,RELEASED
True Love,Get Romantic,UNCOMMON,true-love,0,0,null,null,200,0,null,null,Royale Hearts Set,DANCE,RELEASED
Waterworks,Show 'em your battle cry.,UNCOMMON,waterworks,0,0,null,null,200,0,null,null,null,DANCE,RELEASED
Wave,Express yourself on the battlefield.,UNCOMMON,wave,2,5,null,null,0,0,null,null,null,DANCE,RELEASED
1HP,Express yourself on the battlefield.,UNCOMMON,1-hp,3,52,null,null,0,0,null,null,null,EMOTICON,RELEASED
200 IQ Play,Express yourself on the battlefield.,UNCOMMON,200-iq-play,3,74,null,null,0,0,null,null,null,EMOTICON,RELEASED
A Plus,Express yourself on the battlefield.,UNCOMMON,a-plus,3,54,null,null,0,0,null,null,null,EMOTICON,RELEASED
Ace,Express yourself on the battlefield.,UNCOMMON,ace,4,50,null,null,0,0,null,null,null,EMOTICON,RELEASED
Alarm,Express yourself on the battlefield.,UNCOMMON,alarm,5,52,null,null,0,0,null,null,null,EMOTICON,RELEASED
Angel,Express yourself on the battlefield.,UNCOMMON,angel,4,14,null,null,0,0,null,null,null,EMOTICON,RELEASED
Awww,Express yourself on the battlefield.,UNCOMMON,awww,3,38,null,null,0,0,null,null,null,EMOTICON,RELEASED
Baby Seal,Express yourself on the battlefield.,UNCOMMON,baby-seal,4,24,null,null,0,0,null,null,null,EMOTICON,RELEASED
Bad Apple,Express yourself on the battlefield.,UNCOMMON,bad-apple,5,85,null,null,0,0,null,null,null,EMOTICON,RELEASED
Baited,Express yourself on the battlefield.,UNCOMMON,baited,2,47,null,null,0,0,null,null,null,EMOTICON,RELEASED
Bananas,Express yourself on the battlefield.,UNCOMMON,bananas,4,90,null,null,0,0,null,null,null,EMOTICON,RELEASED
Boombox,Express yourself on the battlefield.,UNCOMMON,boombox,3,18,null,null,0,0,null,null,null,EMOTICON,RELEASED
Bullseye,Express yourself on the battlefield.,UNCOMMON,bullseye,2,17,null,null,0,0,null,null,null,EMOTICON,RELEASED
Bush,Express yourself on the battlefield.,UNCOMMON,bush,3,30,null,null,0,0,null,null,null,EMOTICON,RELEASED
Celebrate,Express yourself on the battlefield.,UNCOMMON,celebrate,4,97,null,null,0,0,null,null,null,EMOTICON,RELEASED
Clapping,Express yourself on the battlefield.,UNCOMMON,clapping,2,5,null,null,0,0,null,null,null,EMOTICON,RELEASED
Chicken,Express yourself on the battlefield.,UNCOMMON,chicken,4,52,null,null,0,0,null,null,null,EMOTICON,RELEASED
Crabby,Express yourself on the battlefield.,UNCOMMON,crabby,4,64,null,null,0,0,null,null,null,EMOTICON,RELEASED
Dance Party,Express yourself on the battlefield.,UNCOMMON,dance-party,2,26,null,null,0,0,null,null,null,EMOTICON,RELEASED
Dynamite,Express yourself on the battlefield.,UNCOMMON,dynamite,4,5,null,null,0,0,null,null,null,EMOTICON,RELEASED
Embarassed,Express yourself on the battlefield.,UNCOMMON,embarrassed,5,46,null,null,0,0,null,null,null,EMOTICON,RELEASED
Exclamation,Express yourself on the battlefield.,UNCOMMON,exclamation,2,33,null,null,0,0,null,null,null,EMOTICON,RELEASED
Flaming Rage,Express yourself on the battlefield.,UNCOMMON,flaming-rage,3,80,null,null,0,0,null,null,null,EMOTICON,RELEASED
Flex,Express yourself on the battlefield.,UNCOMMON,flex,2,36,null,null,0,0,null,null,null,EMOTICON,RELEASED
Go,Express yourself on the battlefield.,UNCOMMON,go,5,5,null,null,0,0,null,null,null,EMOTICON,RELEASED
Good Game,Express yourself on the battlefield.,UNCOMMON,good-game,3,26,null,null,0,0,null,null,null,EMOTICON,RELEASED
Heart Hands,Express yourself on the battlefield.,UNCOMMON,heart-hands,2,11,null,null,0,0,null,null,null,EMOTICON,RELEASED
Heartbroken,Express yourself on the battlefield.,UNCOMMON,heartbroken,3,14,null,null,0,0,null,null,null,EMOTICON,RELEASED
Hoarder,Express yourself on the battlefield.,UNCOMMON,hoarder,3,64,null,null,0,0,null,null,null,EMOTICON,RELEASED
Hot Dawg,Express yourself on the battlefield.,UNCOMMON,hot-dawg,3,58,null,null,0,0,null,null,null,EMOTICON,RELEASED
In Love,Express yourself on the battlefield.,UNCOMMON,in-love,3,14,null,null,0,0,null,null,null,EMOTICON,RELEASED
Kaboom,Express yourself on the battlefield.,UNCOMMON,kaboom,3,86,null,null,0,0,null,null,null,EMOTICON,RELEASED
Let's Rock,Express yourself on the battlefield.,UNCOMMON,lets-rock,5,8,null,null,0,0,null,null,null,EMOTICON,RELEASED
Lights Camera Action,Express yourself on the battlefield.,UNCOMMON,lights-camera-action,4,8,null,null,0,0,null,null,null,EMOTICON,RELEASED
LOL,Express yourself on the battlefield.,UNCOMMON,lol,2,2,null,null,0,0,null,null,null,EMOTICON,RELEASED
Majestic,Express yourself on the battlefield.,UNCOMMON,majestic,3,90,null,null,0,0,null,null,null,EMOTICON,RELEASED
MVP,Express yourself on the battlefield.,UNCOMMON,mvp,2,40,null,null,0,0,null,null,null,EMOTICON,RELEASED
Number One,Express yourself on the battlefield.,UNCOMMON,number-one,3,97,null,null,0,0,null,null,null,EMOTICON,RELEASED
On Fire,Express yourself on the battlefield.,UNCOMMON,on-fire,2,68,null,null,0,0,null,null,null,EMOTICON,RELEASED
Peace,Express yourself on the battlefield.,UNCOMMON,peace,2,22,null,null,0,0,null,null,null,EMOTICON,RELEASED
Plotting,Express yourself on the battlefield.,UNCOMMON,plotting,4,46,null,null,0,0,null,null,null,EMOTICON,RELEASED
Pool Party,Express yourself on the battlefield.,UNCOMMON,pool-party,5,16,null,null,0,0,null,null,null,EMOTICON,RELEASED
Positivity,Express yourself on the battlefield.,UNCOMMON,positivity,3,42,null,null,0,0,null,null,null,EMOTICON,RELEASED
Pot of Gold,Express yourself on the battlefield.,UNCOMMON,pot-of-gold,5,97,null,null,0,0,null,null,null,EMOTICON,RELEASED
Potato Aim,Express yourself on the battlefield.,UNCOMMON,potato-aim,2,61,null,null,0,0,null,null,null,EMOTICON,RELEASED
Prickly,Express yourself on the battlefield.,UNCOMMON,prickly,5,24,null,null,0,0,null,null,null,EMOTICON,RELEASED
Rabid,Express yourself on the battlefield.,UNCOMMON,rabid,4,74,null,null,0,0,null,null,null,EMOTICON,RELEASED
Rage,Express yourself on the battlefield.,UNCOMMON,rage,2,19,null,null,0,0,null,null,null,EMOTICON,RELEASED
Rainbow,Express yourself on the battlefield.,UNCOMMON,rainbow,4,42,null,null,0,0,null,null,n,EMOTICON,RELEASED
RIP,Express yourself on the battlefield.,UNCOMMON,rip,2,12,null,null,0,0,null,null,null,EMOTICON,RELEASED
Rocket Ride,Express yourself on the battlefield.,UNCOMMON,rocket-ride,3,22,null,null,0,0,null,null,null,EMOTICON,RELEASED
Salty,Express yourself on the battlefield.,UNCOMMON,salty,2,54,null,null,0,0,null,null,null,EMOTICON,RELEASED
Stealthy,Express yourself on the battlefield.,UNCOMMON,stealthy,2,57,null,null,0,0,null,null,null,EMOTICON,RELEASED
Stinky,Express yourself on the battlefield.,UNCOMMON,stinky,5,92,null,null,0,0,null,null,null,EMOTICON,RELEASED
Stop,Express yourself on the battlefield.,UNCOMMON,stop,5,37,null,null,0,0,null,null,null,EMOTICON,RELEASED
Tasty,Express yourself on the battlefield.,UNCOMMON,tasty,5,78,null,null,0,0,null,null,null,EMOTICON,RELEASED
Tattered,Express yourself on the battlefield.,UNCOMMON,tattered,5,67,null,null,0,0,null,null,null,EMOTICON,RELEASED
Teamwork,Express yourself on the battlefield.,UNCOMMON,teamwork,4,22,null,null,0,0,null,null,null,EMOTICON,RELEASED
Thief,Express yourself on the battlefield.,UNCOMMON,thief,3,8,null,null,0,0,null,null,null,EMOTICON,RELEASED
Thumbs Down,Express yourself on the battlefield.,UNCOMMON,thumbs-down,3,48,null,null,0,0,null,null,null,EMOTICON,RELEASED
Thumbs Up,Express yourself on the battlefield.,UNCOMMON,thumbs-up,3,46,null,null,0,0,null,null,null,EMOTICON,RELEASED
Trap,Express yourself on the battlefield.,UNCOMMON,trap,5,58,null,null,0,0,null,null,null,EMOTICON,RELEASED
WOW,Express yourself on the battlefield.,UNCOMMON,wow,3,5,null,null,0,0,null,null,null,EMOTICON,RELEASED
ZZZ,Express yourself on the battlefield.,UNCOMMON,zzz,4,18,null,null,0,0,null,null,null,EMOTICON,RELEASED
Bear Force One,It's so fluffy!,EPIC,bear-force-one,0,0,null,null,1500,0,null,null,Royale Hearts Set,GLIDER,RELEASED
Cloud Strike,Forecasting storms all week.,EPIC,cloud-strike,0,0,null,null,1200,0,null,null,null,GLIDER,RELEASED
Conquest,Row against the tide.,EPIC,conquest,5,39,null,null,0,0,null,null,Norse Set,GLIDER,RELEASED
Cyclone,A whirlwind of fury,EPIC,cyclone,0,0,null,null,1200,0,null,null,RPM Set,GLIDER,RELEASED
Deep Space Lander,Light-years ahead of the competition.,EPIC,deep-space-lander,0,0,null,null,1200,0,null,null,Space Explorers Set,GLIDER,RELEASED
Flying Saucer,Make mine a Royale.,EPIC,flying-saucer,0,0,null,null,1200,0,null,null,Durr Burger Set,GLIDER,RELEASED
Get Down,Can you dig it?,EPIC,get-down,2,14,null,null,0,0,null,null,Fortnite Fever Set,GLIDER,RELEASED
Hang Time,Get air.,EPIC,hang-time,0,0,null,null,1200,0,null,null,Half Court Set,GLIDER,RELEASED
Inrepid,Adapative pivot-wing control prototype.,EPIC,intrepid,4,79,null,null,0,0,null,null,Carbide Set,GLIDER,RELEASED
Orbital Shuttle,Cleared for re-entry.,EPIC,orbital-shuttle,0,0,null,null,1200,0,null,null,Space Explorers Set,GLIDER,RELEASED
Planetary Probe,Scanning the unknown,EPIC,planetary-probe,0,0,null,null,1200,0,null,null,Space Explorers Set,GLIDER,RELEASED
Pterodactyl,Saur into battle.,EPIC,pterodactyl,0,0,null,null,1200,0,null,null,Dino Guard Set,GLIDER,RELEASED
Rusty Rider,Finely crafted from twisted wreckage,EPIC,rusty-rider,0,0,null,null,1200,0,null,null,Storm Scavenger Set,GLIDER,RELEASED
Servo,Prototype compound glider.,EPIC,servo,0,0,null,null,1200,0,null,null,Archetype Set,GLIDER,RELEASED
Splashdown,Make waves.,EPIC,splashdown,5,79,null,null,0,0,null,null,Rescue Patrol Set,GLIDER,RELEASED
Split Wing,Snap into action.,EPIC,split-wing,0,0,null,null,1200,0,null,null,Overseer Set,GLIDER,RELEASED
Terminus,It's the end of the line.,EPIC,terminus,0,0,null,null,1200,0,null,null,Oblivion Set,GLIDER,RELEASED
Venus Flyer,Pretty fly.,EPIC,venus-flyer,0,0,null,null,1200,0,null,null,Flytrap Set,GLIDER,RELEASED
Viceroy Mark I,Ain't she a beaut?,EPIC,viceroy-mark-l,0,0,null,null,1200,0,null,null,Hardboiled Set,GLIDER,RELEASED
Glider,Standard Battle Glider.,COMMON,glider,0,0,null,null,0,0,null,null,null,GLIDER,RELEASED
White Squall,Create a whirlwind.,EPIC,white-squall,0,0,null,null,1200,0,null,null,Vanishing Point Set,GLIDER,RELEASED
Wings of Valor,Spread your wings.,EPIC,wings-of-valor,4,39,null,null,0,0,null,null,Valiant Set,GLIDER,RELEASED
Laser Chomp,Laser-guided. Razor-sharp. Slippery.,LEGENDARY,laser-chomp,0,0,null,null,1500,0,null,null,Chomp Set,GLIDER,RELEASED
Royale Dragon,Ride the Dragon!,LEGENDARY,royale-dragon,0,0,null,null,2000,0,null,null,null,GLIDER,RELEASED
Cozy Coaster,Snuggle up to the ﬁreﬁght in holiday style.,RARE,cozy-coaster,0,0,null,null,800,0,null,null,null,GLIDER,RELEASED
Feathered Flyer,Winged victory.,RARE,feathered-flyer,0,0,null,null,800,0,null,null,Nevermore Set,GLIDER,RELEASED
Forerunner,Amped and aerodynamic,RARE,forerunner,0,0,null,null,800,0,null,null,Apex Protocol Set,GLIDER,RELEASED
Googly,Hi guys!,RARE,googly,0,0,null,null,800,0,null,null,null,GLIDER,RELEASED
Gum Drop,Sweet Victory!,RARE,gum-drop,0,0,null,null,800,0,null,null,null,GLIDER,RELEASED
Half Shell,Turtles glide with honor.,RARE,half-shell,0,0,null,null,800,0,null,null,null,GLIDER,RELEASED
Libre,High-flying freedom,RARE,libre,0,0,null,null,800,0,null,null,Lucha Set,GLIDER,RELEASED
Prismatic,It's so colorful!,RARE,prismatic,0,0,null,null,800,0,null,null,null,GLIDER,RELEASED
Rainbow Rider,Everything's puppies and rainbows and unicorns and sunshine and..,RARE,rainbow-rider,3,15,null,null,0,0,null,null,Sunshine and Rainbows Set,GLIDER,RELEASED
Stage Dive,Dive into the crowd.,RARE,stage-dive,0,0,null,null,800,0,null,null,Volume 11 Set,GLIDER,RELEASED
Starry Flight,A masterpiece of flight.,RARE,starry-flight,0,0,null,null,800,0,null,null,Jailbird Set,GLIDER,RELEASED
Sugar Crash,Don't crash!,RARE,sugar-crash,4,15,null,null,0,0,null,null,Sweet Tooth Set,GLIDER,RELEASED
Voyager,Bravely float into the fray aboard the Voyager Glider.,RARE,voyager,0,0,null,null,800,0,null,null,Space Explorers Set,GLIDER,RELEASED
Zephyr,Glide with style.,RARE,zephyr,0,0,null,null,800,0,null,null,null,GLIDER,RELEASED
Aerial Assault One,Fly into battle on the wings of victory.,UNCOMMON,aerial-assault-one,0,0,null,null,800,0,null,null,n,GLIDER,RELEASED
Blaze,Glide down in a blaze of glory!,UNCOMMON,blaze,0,0,null,null,500,0,null,null,Biker Brigade Set,GLIDER,RELEASED
Carbon,Precision built carbon fiber glider.,UNCOMMON,carbon,3,39,null,null,0,0,null,null,Black Vector Set,GLIDER,RELEASED
Checker,Always in service.,UNCOMMON,checker,0,0,null,null,500,0,null,null,Racer Royale Set,GLIDER,RELEASED
Cruiser,Put it in neatral.,UNCOMMON,cruiser,5,7,null,null,0,0,null,null,Cobra Crew Set,GLIDER,RELEASED
Downshift,Glide into gear.,UNCOMMON,downshift,5,22,null,null,0,0,null,null,RPM Set,GLIDER,RELEASED
Fighter Kite,Outmaneuver the competition,UNCOMMON,fighter-kite,0,0,null,null,500,0,null,null,null,GLIDER,RELEASED
Flying Fish,Keep it fresh.,UNCOMMON,flying-fish,0,0,null,null,500,0,null,null,Sushi Set,GLIDER,RELEASED
Fossil Flyer,Prehistoric aerodynamics.,UNCOMMON,fossil-flyer,0,0,null,null,500,0,null,null,Dino Guard Set,GLIDER,RELEASED
Glow Rider,Illuminate a path to victory,UNCOMMON,glow-rider,0,0,null,null,500,0,null,null,Neon Glow Set,GLIDER,RELEASED
Goalbound,Goooooooooooooal!,UNCOMMON,goalbound,0,0,null,null,500,0,null,null,Goalbound Set,GLIDER,RELEASED
Hot Rod,Burn through the clouds with this custom Screaming Skull Hot Rod Glider.,UNCOMMON,hot-rod,0,0,null,null,500,0,null,null,null,GLIDER,RELEASED
Jolly Roger,Avast!,UNCOMMON,jolly-roger,0,0,null,null,500,0,null,null,null,GLIDER,RELEASED
Mainframe,Calculating optimal trajectory,UNCOMMON,mainframe,0,0,null,null,500,0,null,null,Overclocked Set,GLIDER,RELEASED
Mako,Soar through the air like the mighty shark!,UNCOMMON,mako,1,25,null,null,0,0,null,null,null,GLIDER,RELEASED
Meltdown,Fall out of the battle bus with confidence,UNCOMMON,meltdown,0,0,null,null,500,0,null,null,Outbreak Set,GLIDER,RELEASED
Modern,A bold addition to your gliding repertoire.,UNCOMMON,modern,0,0,null,null,500,0,null,null,null,GLIDER,RELEASED
Petunia,For when you’re a pretty flower on a quest for vengeance.,UNCOMMON,petunia,0,0,null,null,500,0,null,null,null,GLIDER,RELEASED
Purrfect,It's the cat's meow.,UNCOMMON,purrfect,0,0,null,null,500,0,null,null,Bushido Set,GLIDER,RELEASED
Raptor,Go ahead. Buzz the tower. You've earned it.,UNCOMMON,raptor,0,0,null,null,500,0,null,null,null,GLIDER,RELEASED
Rhinestone Rider,Glide by the seat of your pants.,UNCOMMON,rhinestone-rider,0,0,null,null,500,0,null,null,Sharp Style Set,GLIDER,RELEASED
Roadtrip,Never miss a battle snack with the world's ﬁrst picnic-ready glider.,UNCOMMON,roadtrip,0,0,null,null,500,0,null,null,null,GLIDER,RELEASED
Royale X,State of the art combat glider.,UNCOMMON,royale-x,2,42,null,null,0,0,null,null,Storm Fusion Set,GLIDER,RELEASED
Sir Glider the Brave,First of his name.,UNCOMMON,sir-glider-the-brave,2,35,null,null,0,0,null,null,Fort Knights Set,GLIDER,RELEASED
Snow Squall,Unleash winter's icy wrath.,UNCOMMON,snow-squall,0,0,null,null,500,0,null,null,Arctic Command Set,GLIDER,RELEASED
Solid Strider,Hit your stride.,UNCOMMON,solid-strider,0,0,null,null,500,0,null,null,Solid Steel Set,GLIDER,RELEASED
Stealth,Shh.,UNCOMMON,stealth,0,0,null,null,500,0,null,null,Stealth Syndicate Set,GLIDER,RELEASED
Storm Sigil,From the Emerald Isle to the eye of the storm.,UNCOMMON,storm-sigil,0,0,null,null,500,0,null,null,Laoch Set,GLIDER,RELEASED
Triumph,Harness the winds of victory.,UNCOMMON,triumph,0,0,null,null,500,0,null,null,Venture Set,GLIDER,RELEASED
Warthog,Hit the ground running with the battle tested Warthog Glider.,UNCOMMON,warthog,0,0,null,null,500,0,null,null,null,GLIDER,RELEASED
Wasp,Float like a glider. Sting like a wasp.,UNCOMMON,wasp,0,0,null,null,500,0,null,null,null,GLIDER,RELEASED
Windbreaker,Break the wind.,UNCOMMON,windbreaker,0,0,null,null,500,0,null,null,Spandex Squad Set,GLIDER,RELEASED
Pickaxe,A reliable and studry harvesting tool.,COMMON,pickaxe,0,0,null,null,0,0,null,null,null,HARVESTINGTOOL,RELEASED
AC/DC,Warning: High Voltage!,EPIC,acdc,2,63,null,null,0,0,null,null,null,HARVESTINGTOOL,RELEASED
Bitemark,Take abit out of the competition.,EPIC,bitemark,0,0,null,null,1200,0,null,null,Dino Guard Set,HARVESTINGTOOL,RELEASED
Bottom Feeder,From the murky depths!,EPIC,bottom-feeder,0,0,null,null,1500,0,null,null,null,HARVESTINGTOOL,RELEASED
Candy Axe,Deck the walls with festive mayhem!,EPIC,candy-axe,0,0,null,null,1500,0,null,null,null,HARVESTINGTOOL,RELEASED
Chomp Jr.,They're going to need a bigger fort.,EPIC,chomp-jr,0,0,null,null,1500,0,null,null,Chomp Set,HARVESTINGTOOL,RELEASED
Death Valley,"Whenever you need a skull on a stick, the Death Valley Pickaxe is there for you.",EPIC,death-vally,0,0,null,null,1500,0,null,null,null,HARVESTINGTOOL,RELEASED
Disco Brawl,Ready for a ballroom blitz.,EPIC,disco-brawl,0,0,null,null,1500,0,null,null,Fortnite Fever Set,HARVESTINGTOOL,RELEASED
Eva,Extravehicular,EPIC,eva,3,46,null,null,0,0,null,null,Space Explorers Set,HARVESTINGTOOL,RELEASED
Global Axe,"Think globally, axe locally.",EPIC,global-axe,0,0,null,null,1200,0,null,null,null,HARVESTINGTOOL,RELEASED
Jingu Bang,Fit for a king.,EPIC,jingu-bang,0,0,null,null,1200,0,null,null,Wukong Set,HARVESTINGTOOL,RELEASED
Oracle Axe,Visions of victory.,EPIC,oracle-axe,0,0,null,null,1200,0,null,null,null,HARVESTINGTOOL,RELEASED
Party Animal,Red plastic cups not included.,EPIC,party-animal,0,0,null,null,1500,0,null,null,null,HARVESTINGTOOL,RELEASED
Pick Squeak,Squeak Squeak! Squeak! Squeak Squeak Squeak!,EPIC,pick-squeak,0,0,null,null,1500,0,null,null,null,HARVESTINGTOOL,RELEASED
Pink Flamingo,"From suburban lawns to the front lines, the Pink Flamingo Pickaxe is always ready for action.",EPIC,pink-flamingo,0,0,null,null,1500,0,null,null,null,HARVESTINGTOOL,RELEASED
Raider's Revenge,"Wrapped in rusty barbed wire, and ready to settle the score.",EPIC,raiders-revenge,1,35,null,null,1500,0,null,null,null,HARVESTINGTOOL,RELEASED
Rainbow Smash,Beat the stuffing out 'em.,EPIC,rainbow-smash,0,0,null,null,1500,0,null,null,Sunshine and Rainbows Set,HARVESTINGTOOL,RELEASED
Renegade Roller,Go on a roll.,EPIC,renegade-roller,0,0,null,null,1200,0,null,null,Aerosol Assassins Set,HARVESTINGTOOL,RELEASED
Trusty No. 2,Ready to pass the test.,EPIC,trusty-no-2,3,79,null,null,0,0,null,null,Hired Gun Set,HARVESTINGTOOL,RELEASED
Airfoil,Streamlined for optimal aerodynamics.,RARE,airfoil,0,0,null,null,800,0,null,null,Venture Set,HARVESTINGTOOL,RELEASED
Anarchy Axe,This axer does whatever it wants.,RARE,anarchy-axe,0,0,null,null,800,0,null,null,Volume 11 Set,HARVESTINGTOOL,RELEASED
AutoCleave,Clean out the competition.,RARE,autocleave,0,0,null,null,800,0,null,null,Outbreak Set,HARVESTINGTOOL,RELEASED
Axecalibur,Stone and anvil not included,RARE,axecalibur,2,35,null,null,0,0,null,null,Fort Knights Set,HARVESTINGTOOL,RELEASED
Axeroni,Victory by the slice!,RARE,axeroni,0,0,null,null,800,0,null,null,Pizza Pit Set,HARVESTINGTOOL,RELEASED
Ballon Axe,Deflate the competition,RARE,baloon-axe,5,15,null,null,0,0,null,null,Party Parade Set,HARVESTINGTOOL,RELEASED
Batsickle,Take a crack at harvesting with the Batsickle. It's half bat. Half sickle. All Batsickle.,RARE,batsickle,0,0,null,null,800,0,null,null,null,HARVESTINGTOOL,RELEASED
Carrot Stick,Give 'em 3-5 servings.,RARE,carrot-stick,0,0,null,null,800,0,null,null,Pastel Patrol Set,HARVESTINGTOOL,RELEASED
Cat's Claw,Scratch and slash.,RARE,cats-claw,0,0,null,null,800,0,null,null,Bushido Set,HARVESTINGTOOL,RELEASED
Cliffhanger,Climb your way to the top with the mountaineering inspired Cliffhanger Pickaxe,RARE,cliffhanger,0,0,null,null,800,0,null,null,null,HARVESTINGTOOL,RELEASED
Close Shave,A stylish pickaxe with bolts on tips.,RARE,close-shave,0,0,null,null,800,0,null,null,null,HARVESTINGTOOL,RELEASED
Clutch Axe,Pedal to the metal.,RARE,clutch-axe,0,0,null,null,800,0,null,null,Cobra Crew Set,HARVESTINGTOOL,RELEASED
Crimson Axe,"Wield, smite, repeast.",RARE,crimson-axe,0,0,null,null,800,0,null,null,Fort Knights Set,HARVESTINGTOOL,RELEASED
Cutting Edge,Forged in particle accelerator,RARE,cutting-edge,0,0,null,null,800,0,null,null,Overclocked Set,HARVESTINGTOOL,RELEASED
Director's Cut,"Lights, Camera, Axin'.",RARE,directors-cut,0,0,null,null,800,0,null,null,null,HARVESTINGTOOL,RELEASED
Dragon Axe,Forged in Dragon Fire.,RARE,dragon-axe,0,0,null,null,800,0,null,null,null,HARVESTINGTOOL,RELEASED
Empire Axe,Build your empire.,RARE,empire-axe,0,0,null,null,800,0,null,null,null,HARVESTINGTOOL,RELEASED
Fated Fame,Rise above your fate.,RARE,fated-frame,0,0,null,null,800,0,null,null,Overclocked Set,HARVESTINGTOOL,RELEASED
Filet Axe,A cut above the rest.,RARE,filet-axe,0,0,null,null,800,0,null,null,Sushi Set,HARVESTINGTOOL,RELEASED
Firebearer,Wielded by countless generations.,RARE,forebearer,0,0,null,null,800,0,null,null,Norse Set,HARVESTINGTOOL,RELEASED
Gale Force,Rise above the storm.,RARE,gale-force,4,7,null,null,0,0,null,null,Valiant Set,HARVESTINGTOOL,RELEASED
Glow Stick,"Behold, it glows!",RARE,glow-stick,0,0,null,null,800,0,null,null,Neon Glow Set,HARVESTINGTOOL,RELEASED
Harpoon Axe,Tip of the spear.,RARE,harpoon-axe,0,0,null,null,800,0,null,null,Divemasters Set,HARVESTINGTOOL,RELEASED
Iron Beak,Peck away.,RARE,iron-beak,0,0,null,null,800,0,null,null,Nevermore Set,HARVESTINGTOOL,RELEASED
Lollipopper,"Sweet, sweet, victory",RARE,lollipopper,4,46,null,null,0,0,null,null,Sweet Tooth Set,HARVESTINGTOOL,RELEASED
Lug Axe,Tune up the competition.,RARE,lug-axe,5,30,null,null,0,0,null,null,RPM Set,HARVESTINGTOOL,RELEASED
Magnifying Axe,Dust 'em for prints.,RARE,magnifying-axe,0,0,null,null,800,0,null,null,Hardboiled Set,HARVESTINGTOOL,RELEASED
Nite Owl,Pull an all-niter.,RARE,nite-owl,0,0,null,null,800,0,null,null,Jailbird Set,HARVESTINGTOOL,RELEASED
Persuader,Very convincing.,RARE,persuader,0,0,null,null,800,0,null,null,Solid Steel Set,HARVESTINGTOOL,RELEASED
Piledriver,No holds barred.,RARE,piledriver,0,0,null,null,800,0,null,null,Lucha Set,HARVESTINGTOOL,RELEASED
Plunja,The competition is circling the drain,RARE,punja,0,0,null,null,800,0,null,null,null,HARVESTINGTOOL,RELEASED
Pot O' Gold,Everything that glitters.,EPIC,pot-o-gold,0,0,null,null,1200,0,null,null,Green Clover Set,HARVESTINGTOOL,RELEASED
Propeller Axe,Take it for a spin,RARE,propeller-axe,0,0,null,null,800,0,null,null,null,HARVESTINGTOOL,RELEASED
Pulse Axe,Bleeding edge axe technology.,RARE,pulse-axe,2,7,null,null,0,0,null,null,Storm Fusion Set,HARVESTINGTOOL,RELEASED
Razor Edge,On the verge of being too sharp.,RARE,razor-edge,0,0,null,null,800,0,null,null,Apex Protocol Set,HARVESTINGTOOL,RELEASED
Reaper,Harvest resources... and souls with the limited edition reaper pickaxe.,RARE,reaper,0,0,null,null,800,0,null,null,null,HARVESTINGTOOL,RELEASED
Rescue Paddle,Life preserver?,RARE,rescue-paddle,0,0,null,null,800,0,null,null,Rescue Patrol Set,HARVESTINGTOOL,RELEASED
Sawtooth,Hack your way to victory,RARE,sawtooth,3,7,null,null,0,0,null,null,Storm Scavenger Set,HARVESTINGTOOL,RELEASED
Silver Fang,Loyal. Brave. Very Sharp.,RARE,silver-fang,0,0,null,null,800,0,null,null,Laoch Set,HARVESTINGTOOL,RELEASED
Ski Boot,Give 'em the boot,RARE,ski-boot,0,0,null,null,800,0,null,null,Winter Ski Set,HARVESTINGTOOL,RELEASED
Slam Dunk,It's a… slam dunk.,RARE,slam-dunk,0,0,null,null,800,0,null,null,Half Court Set,HARVESTINGTOOL,RELEASED
Spectral Axe,What color is it?,RARE,spectral-axe,0,0,null,null,800,0,null,null,null,HARVESTINGTOOL,RELEASED
Spectre,They'll never see it coming.,RARE,spectre,0,0,null,null,800,0,null,null,Stealth Syndicate Set,HARVESTINGTOOL,RELEASED
Spiky,It's a pickaxe with spikes. What's not to like?,RARE,spiky,0,0,null,null,800,0,null,null,null,HARVESTINGTOOL,RELEASED
Stop Axe,Never stop axin',RARE,stop-axe,0,0,null,null,800,0,null,null,null,HARVESTINGTOOL,RELEASED
Studded Axe,Edgy.,RARE,studded-axe,0,0,null,null,800,0,null,null,Sharp Style Set,HARVESTINGTOOL,RELEASED
Tat Axe,No Regrets.,RARE,tat-axe,0,0,null,null,800,0,null,null,Royale Hearts Set,HARVESTINGTOOL,RELEASED
Tendril,Rooted in fierce competition.,RARE,tendril,0,0,null,null,800,0,null,null,Flytrap Set,HARVESTINGTOOL,RELEASED
Throttle,Rev it up!,RARE,throttle,0,0,null,null,800,0,null,null,Biker Brigade Set,HARVESTINGTOOL,RELEASED
Tooth Pick,Don't forget to floss.,RARE,tooth-pick,0,0,null,null,800,0,null,null,null,HARVESTINGTOOL,RELEASED
Vuvuzela,Festively loud.,RARE,vuvuzela,0,0,null,null,800,0,null,null,Goalbound Set,HARVESTINGTOOL,RELEASED
Axercise,Feel the burn!,UNCOMMON,axercise,0,0,null,null,500,0,null,null,Spandex Squad Set,HARVESTINGTOOL,RELEASED
Caliper,Unparralled precision.,UNCOMMON,caliper,0,0,null,null,500,0,null,null,Archetype Set,HARVESTINGTOOL,RELEASED
Elite Cleat,For those unaccustomed to defeat.,UNCOMMON,elite-cleat,0,0,null,null,500,0,null,null,Goalbound Set,HARVESTINGTOOL,RELEASED
Ice Breaker,A great way to meet your fellow combatants.,UNCOMMON,ice-breaker,0,0,null,null,500,0,null,null,Arctic Command Set,HARVESTINGTOOL,RELEASED
Lucky,Black pickaxe with yellow smiley faces.,UNCOMMON,lucky,0,0,null,null,500,0,null,null,null,HARVESTINGTOOL,RELEASED
Patty Whacker,If you can't stand the heat…,UNCOMMON,patty-whacker,0,0,null,null,500,0,null,null,Durr Burger Set,HARVESTINGTOOL,RELEASED
Tactical Spade,Designed for survival.,UNCOMMON,tactical-spade,0,0,null,null,500,0,null,null,Black Vector Set,HARVESTINGTOOL,RELEASED
Victory Lap,Take is the,UNCOMMON,victory-lap,0,0,null,null,500,0,null,null,Racer Royale Set,HARVESTINGTOOL,RELEASED
You Shouldn't Have,For the combatant who has everything.,UNCOMMON,you-shouldnt-have,0,0,null,null,500,0,null,null,null,HARVESTINGTOOL,RELEASED
Abstrakt,Showcase art,UNCOMMON,abstrakt,5,19,null,null,0,0,null,null,null,LOADINGSCREEN,RELEASED
Aerosol Assassins,Concept art,UNCOMMON,aerosol-assassins,4,60,null,null,0,0,null,null,null,LOADINGSCREEN,RELEASED
Bandolier,Showcase art,UNCOMMON,bandolier,5,86,null,null,0,0,null,null,null,LOADINGSCREEN,RELEASED
Battle Royale,Concept art,UNCOMMON,battle-royale,3,30,null,null,0,0,null,null,null,LOADINGSCREEN,RELEASED
Brite Gunner,Concept art,UNCOMMON,brite-gunner,4,85,null,null,0,0,null,null,null,LOADINGSCREEN,RELEASED
Brite Unicorn,Concept art,UNCOMMON,brite-unicorn,3,44,null,null,0,0,null,null,null,LOADINGSCREEN,RELEASED
Carbide,Concept art,UNCOMMON,carbide,4,6,null,null,0,0,null,null,null,LOADINGSCREEN,RELEASED
Drift,Concept art,UNCOMMON,drift,5,4,null,null,0,0,null,null,null,LOADINGSCREEN,RELEASED
Elite Agent,Concept art,UNCOMMON,elite-agent,3,92,null,null,0,0,null,null,null,LOADINGSCREEN,RELEASED
Flytrap,Showcase art,UNCOMMON,flytrap,5,60,null,null,0,0,null,null,null,LOADINGSCREEN,RELEASED
Harvesting Tools,Concept art,UNCOMMON,harvesting-tools,3,12,null,null,0,0,null,null,null,LOADINGSCREEN,RELEASED
High Explosives,Showcase art,UNCOMMON,high-explosives,5,50,null,null,0,0,null,null,null,LOADINGSCREEN,RELEASED
Huntress,Concept art,UNCOMMON,huntress,5,28,null,null,0,0,null,null,null,LOADINGSCREEN,RELEASED
Jailbirds,Showcase art,UNCOMMON,jailbirds,5,44,null,null,0,0,null,null,null,LOADINGSCREEN,RELEASED
Leviathan,Concept art,UNCOMMON,leviathan,4,44,null,null,0,0,null,null,null,LOADINGSCREEN,RELEASED
Minigun,Concept art,UNCOMMON,minigun,3,60,null,null,0,0,null,null,null,LOADINGSCREEN,RELEASED
Norse Emblem,Concept art,UNCOMMON,norse-emblem,5,13,null,null,0,0,null,null,null,LOADINGSCREEN,RELEASED
Omen,Showcase art,UNCOMMON,omen,5,66,null,null,0,0,null,null,null,LOADINGSCREEN,RELEASED
Raptor,Concept art,UNCOMMON,raptor,3,76,null,null,0,0,null,null,null,LOADINGSCREEN,RELEASED
Raven,Concept art,UNCOMMON,raven,4,92,null,null,0,0,null,null,null,LOADINGSCREEN,RELEASED
Red Knight,Showcase art,UNCOMMON,red-knight,5,76,null,null,0,0,null,null,null,LOADINGSCREEN,RELEASED
Rex,Concept art,UNCOMMON,rex,4,12,null,null,0,0,null,null,null,LOADINGSCREEN,RELEASED
Squad Leader,Concept art,UNCOMMON,squad-leader,4,28,null,null,0,0,null,null,null,LOADINGSCREEN,RELEASED
Sun Strider,Concept art,UNCOMMON,sun-strider,5,34,null,null,0,0,null,null,null,LOADINGSCREEN,RELEASED
Supply Drop,Concept art,UNCOMMON,supply-drop,4,30,null,null,0,0,null,null,null,LOADINGSCREEN,RELEASED
Suppressed Pistol,Concept art,UNCOMMON,supressed-pistol,3,6,null,null,0,0,null,null,null,LOADINGSCREEN,RELEASED
Tactical Shotgun,Concept art,UNCOMMON,tactical-shotgun,3,28,null,null,0,0,null,null,null,LOADINGSCREEN,RELEASED
TomatoHead,Showcase art,UNCOMMON,tomatohead,5,93,null,null,0,0,null,null,null,LOADINGSCREEN,RELEASED
Zoey,Concept art,UNCOMMON,zoey,4,47,null,null,0,0,null,null,null,LOADINGSCREEN,RELEASED
Abstrackt,The writing's on the wall,EPIC,abstrackt,0,0,null,null,1500,0,null,null,Aerosol Assassins Set,OUTFIT,RELEASED
Aerobic Assassin,Flex your victory muscles.,EPIC,aerobic-assassin,0,0,null,null,1500,0,null,null,Spandex Squad Set,OUTFIT,RELEASED
Alphine Ace,So Aerodynamic!,EPIC,alphine-ace,0,0,null,null,1500,0,null,null,Winter Ski Set,OUTFIT,RELEASED
Alphine Ace (CAN),So Aerodynamic!,EPIC,alphine-ace-can,0,0,null,null,1500,0,null,null,Winter Ski Set,OUTFIT,RELEASED
Alphine Ace (CHN),So Aerodynamic!,EPIC,alphine-ace-chn,0,0,null,null,1500,0,null,null,Winter Ski Set,OUTFIT,RELEASED
Alphine Ace (FRA),So Aerodynamic!,EPIC,alphine-ace-fra,0,0,null,null,1500,0,null,null,Winter Ski Set,OUTFIT,RELEASED
Alphine Ace (GBR),So Aerodynamic!,EPIC,alphine-ace-gbr,0,0,null,null,1500,0,null,null,Winter Ski Set,OUTFIT,RELEASED
Alphine Ace (GER),So Aerodynamic!,EPIC,alphine-ace-ger,0,0,null,null,1500,0,null,null,Winter Ski Set,OUTFIT,RELEASED
Alphine Ace (KOR),So Aerodynamic!,EPIC,alphine-ace-kor,0,0,null,null,1500,0,null,null,Winter Ski Set,OUTFIT,RELEASED
Alphine Ace (USA),So Aerodynamic!,EPIC,alphine-ace-usa,0,0,null,null,1500,0,null,null,Winter Ski Set,OUTFIT,RELEASED
Bandolier,No shirt. No surrender,EPIC,bandolier,0,0,null,null,1500,0,null,null,n,OUTFIT,RELEASED
Archetype,Engineered for combat performance.,EPIC,archetype,0,0,null,null,1500,0,null,null,Archetype Set,OUTFIT,RELEASED
BattleHawk,Swoop in and claim victory.,EPIC,battlehawk,4,1,null,null,0,0,null,null,Advanced Forces Set,OUTFIT,RELEASED
Beef Boss,Victory well done.,EPIC,beef-boss,0,0,null,null,1500,0,null,null,Durr Burger Set,OUTFIT,RELEASED
Brite Gunner,Look on the bright side.,EPIC,brite-gunner,0,0,null,null,1500,0,null,null,Sunshine and Rainbows Set,OUTFIT,RELEASED
Bunny Brawler,Hop into action.,EPIC,bunny-brawler,0,0,null,null,1500,0,null,null,Pastel Patrol Set,OUTFIT,RELEASED
Burnout,All roads lead to victory.,EPIC,burnout,0,0,null,null,1500,0,null,null,RPM Set,OUTFIT,RELEASED
Elite Agent,Failure is not an option.,EPIC,elite-agent,3,87,null,null,0,0,null,null,Black Vector Set,OUTFIT,RELEASED
Fireworks Team Leader,"Life, liberty, and the bear suit of happiness.",EPIC,fireworks-team-leader,0,0,null,null,1500,0,null,null,Stars and Striped Set,OUTFIT,RELEASED
Funk Ops,Boogie on down to the Umbrella Town.,EPIC,funk-ops,0,0,null,null,1500,0,null,null,Fortnite Fever Set,OUTFIT,RELEASED
Ghoul Trooper,Epic ghoul trooper outfit.,EPIC,ghoul-trooper,0,0,null,null,1500,0,null,null,null,OUTFIT,RELEASED
Ginger Gunner,Spread some holiday fear.,EPIC,ginger-gunner,0,0,null,null,1500,0,null,null,null,OUTFIT,RELEASED
Gumshoe,The kid's got gumption.,EPIC,gumshoe,0,0,null,null,1500,0,null,null,Hardboiled Set,OUTFIT,RELEASED
Hazard Agent,Warning: Hazardous!,EPIC,hazard-agent,0,0,null,null,1500,0,null,null,Outbreak Set,OUTFIT,RELEASED
Highland Warrior,The shadow of the Highlands.,EPIC,highland-warrior,0,0,null,null,1500,0,null,null,Laoch Set,OUTFIT,RELEASED
Huntress,The fearless raider from storm-tossed seas.,EPIC,huntress,5,1,null,null,0,0,null,null,Norse Set,OUTFIT,RELEASED
Maverick,Just drive.,EPIC,maverick,0,0,null,null,1500,0,null,null,Cobra Crew Set,OUTFIT,RELEASED
Merry Marauder,Sing a slaying song tonight.,EPIC,merry-marauder,0,0,null,null,1500,0,null,null,null,OUTFIT,RELEASED
Mission Specialist,All systems go.,EPIC,mission-specialist,3,1,null,null,0,0,null,null,Space Explorers Set,OUTFIT,RELEASED
Mogul Master,Winter ski outfits represent some of the countries with most Fortnite players.,EPIC,mogul-master,0,0,null,null,1500,0,null,null,Winter Ski Set,OUTFIT,RELEASED
Mogul Master (CAN),Winter ski outfits represent some of the countries with most Fortnite players.,EPIC,mogul-master-can,0,0,null,null,1500,0,null,null,Winter Ski Set,OUTFIT,RELEASED
Mogul Master (CHN),Winter ski outfits represent some of the countries with most Fortnite players.,EPIC,mogul-master-chn,0,0,null,null,1500,0,null,null,Winter Ski Set,OUTFIT,RELEASED
Mogul Master (FRA),Winter ski outfits represent some of the countries with most Fortnite players.,EPIC,mogul-master-fra,0,0,null,null,1500,0,null,null,Winter Ski Set,OUTFIT,RELEASED
Mogul Master (GBR),Winter ski outfits represent some of the countries with most Fortnite players.,EPIC,mogul-master-gbr,0,0,null,null,1500,0,null,null,Winter Ski Set,OUTFIT,RELEASED
Mogul Master (GER),Winter ski outfits represent some of the countries with most Fortnite players.,EPIC,mogul-master-ger,0,0,null,null,1500,0,null,null,Winter Ski Set,OUTFIT,RELEASED
Mogul Master (KOR),Winter ski outfits represent some of the countries with most Fortnite players.,EPIC,mogul-master-kor,0,0,null,null,1500,0,null,null,Winter Ski Set,OUTFIT,RELEASED
Mogul Master (USA),Winter ski outfits represent some of the countries with most Fortnite players.,EPIC,mogul-master-usa,0,0,null,null,1500,0,null,null,Winter Ski Set,OUTFIT,RELEASED
Moonwalker,Boldy going for victory.,EPIC,moonwalker,3,55,null,null,0,0,null,null,Space Explorers Set,OUTFIT,RELEASED
Mullet Marauder,Totally. Totally radical.,EPIC,mullet-marauder,0,0,null,null,1500,0,null,null,Spandex Squad Set,OUTFIT,RELEASED
Noir,Infiltrating the seedy underbelly of Tilted Towers.,EPIC,noir,0,0,null,null,1500,0,null,null,Hardboiled Set,OUTFIT,RELEASED
Overtaker,Take over the competition.,EPIC,overtaker,0,0,null,null,1500,0,null,null,Vanishing Point Set,OUTFIT,RELEASED
Rabbit Raider,Scary cute.,EPIC,rabbit-raider,0,0,null,null,1500,0,null,null,Pastel Patrol Set,OUTFIT,RELEASED
Rapscallion,Bail out of the Battle Bus.,EPIC,rapscallion,0,0,null,null,1500,0,null,null,Jailbird Set,OUTFIT,RELEASED
Redline,Revving beyond the limit.,EPIC,redline,5,23,null,null,0,0,null,null,RPM Set,OUTFIT,RELEASED
Reef Ranger,Dive into the fray.,EPIC,reef-ranger,0,0,null,null,1500,0,null,null,Divemasters Set,OUTFIT,RELEASED
Rook,Promoted from desk jockey to field agent.,EPIC,rook,5,87,null,null,0,0,null,null,null,OUTFIT,RELEASED
Rust Lord,King of the scrap heap.,EPIC,rust-lord,3,23,null,null,0,0,null,null,Storm Scavenger Set,OUTFIT,RELEASED
Scoundrel,Moisty's most wanted.,EPIC,scoundrel,0,0,null,null,1500,0,null,null,Jailbird Set,OUTFIT,RELEASED
Shade,Stay cool.,EPIC,shade,0,0,null,null,1500,0,null,null,Cobra Crew Set,OUTFIT,RELEASED
Shadow Ops,You didn't see a thing.,EPIC,shadow-ops,0,0,null,null,1500,0,null,null,Stealth Syndicate Set,OUTFIT,RELEASED
Skull Trooper,A black and white skull costume.,EPIC,skull-trooper,0,0,null,null,1200,0,null,null,null,OUTFIT,RELEASED
Sledgehammer,Demolish the competition.,EPIC,sledgehammer,5,71,null,null,0,0,null,null,Advanced Forces Set,OUTFIT,RELEASED
Sleuth,This detective is on the case.,EPIC,sleuth,0,0,null,null,1500,0,null,null,Hardboiled Set,OUTFIT,RELEASED
Sparkle Specialist,It's time to shine!,EPIC,sparkle-specialist,2,56,null,null,0,0,null,null,Fortnite Fever Set,OUTFIT,RELEASED
Squad Leader,"First in, last out.",EPIC,squad-leader,4,87,null,null,0,0,null,null,Advanced Forces Set,OUTFIT,RELEASED
Steelsight,Victory demands nerves of steel.,EPIC,steelsight,0,0,null,null,1500,0,null,null,null,OUTFIT,RELEASED
Sun Strider,It's all fun in the sun.,EPIC,sun-strider,5,47,null,null,0,0,null,null,Rescue Patrol Set,OUTFIT,RELEASED
Sun Tan Specialist,Don't get burned.,EPIC,sun-tan-specialist,0,0,null,null,1500,0,null,null,Rescue Patrol Set,OUTFIT,RELEASED
Teknique,Spray up a storm,EPIC,teknique,4,23,null,null,0,0,null,null,Aerosol Assassins Set,OUTFIT,RELEASED
Toxic Trooper,Dominate the hot zone.,EPIC,toxic-trooper,0,0,null,null,1500,0,null,null,Outbreak Set,OUTFIT,RELEASED
Ventura,Destined for greatness,EPIC,ventura,0,0,null,null,1500,0,null,null,Venture Set,OUTFIT,RELEASED
Venturion,Aventure awaits!,EPIC,venturion,0,0,null,null,1500,0,null,null,Venture Set,OUTFIT,RELEASED
Whiteout,Break away from the pack.,EPIC,whiteout,0,0,null,null,1500,0,null,null,Vanishing Point Set,OUTFIT,RELEASED
Wreck Raider,Wrecks to riches.,EPIC,wreck-raider,0,0,null,null,1500,0,null,null,Divemasters Set,OUTFIT,RELEASED
Zoey,Candy-coated chaos.,EPIC,zoey,4,47,null,null,0,0,null,null,Sweet Tooth Set,OUTFIT,RELEASED
Battle Hound,Release the hound!,LEGENDARY,battle-hound,0,0,null,null,2000,0,null,null,null,OUTFIT,RELEASED
Black Knight,The odious scourge of Wailing Woods,LEGENDARY,black-knight,2,70,null,null,0,0,null,null,Fort Knights Set,OUTFIT,RELEASED
Chomp Sr.,Take a bite out of victory.,LEGENDARY,chomp-sr,0,0,null,null,2000,0,null,null,Chomp Set,OUTFIT,RELEASED
Crackshot,Get out there and… crack some nuts.,LEGENDARY,crackshot,0,0,null,null,2000,0,null,null,null,OUTFIT,RELEASED
Criterion,Unwavering,LEGENDARY,criterion,0,0,null,null,2000,0,null,null,Criterion Set,OUTFIT,RELEASED
Cuddle Team Leader,Hug it out.,LEGENDARY,cuddle-team-leader,0,0,null,null,2000,0,null,null,null,OUTFIT,RELEASED
Dark Vanguard,Exploring the outer limits.,LEGENDARY,darl-vanguard,0,0,null,null,2000,0,null,null,Space Explorers Set,OUTFIT,RELEASED
Dark Voyager,From the bast darkness of deep space.,LEGENDARY,dark-voyager,3,70,null,null,0,0,null,null,Space Explorers Set,OUTFIT,RELEASED
Fate,Prepare to meet your fate.,LEGENDARY,fate,0,0,null,null,2000,0,null,null,Overseer Set,OUTFIT,RELEASED
Flytrap,Deviously inescapable.,LEGENDARY,flytrap,0,0,null,null,2000,0,null,null,Flytrap Set,OUTFIT,RELEASED
Hime,Catlike grace under pressure.,LEGENDARY,hime,0,0,null,null,2000,0,null,null,Bushido Set,OUTFIT,RELEASED
Leviathan,Call me fishman.,LEGENDARY,leviathan,0,0,null,null,2000,0,null,null,Space Explorers Set,OUTFIT,RELEASED
Love Ranger,Aim for the heart.,LEGENDARY,love-ranger,0,0,null,null,2000,0,null,null,Royale Hearts Set,OUTFIT,RELEASED
Magnus,Conquer The Storm,LEGENDARY,magnus,0,0,null,null,2000,0,null,null,Norse Set,OUTFIT,RELEASED
Moisty Merman,From the Moisty Depths of... the backlot of Studio B.,LEGENDARY,moisty-merman,0,0,null,null,2000,0,null,null,null,OUTFIT,RELEASED
Musha,A fearless and noble warrior.,LEGENDARY,musha,0,0,null,null,2000,0,null,null,Bushido Set,OUTFIT,RELEASED
Oblivion,Unending vengeance.,LEGENDARY,oblivion,0,0,null,null,2000,0,null,null,Oblivion Set,OUTFIT,RELEASED
Omen,Your victory has been foretold.,LEGENDARY,omen,0,0,null,null,2000,0,null,null,Overseer Set,OUTFIT,RELEASED
P.A.N.A.D.A Team Leader,Victory now. Nap later.,LEGENDARY,panda-team-leader,0,0,null,null,2000,0,null,null,null,OUTFIT,RELEASED
Power Chord,Bring on the noise complaints.,LEGENDARY,power-chord,0,0,null,null,2000,0,null,null,Volume 11 Set,OUTFIT,RELEASED
Raptor,Royale Air Force Test Pilot,LEGENDARY,raptor,0,0,null,null,2000,0,null,null,null,OUTFIT,RELEASED
Ravage,"Circling overhead, shrouded by night…",LEGENDARY,ravage,0,0,null,null,2000,0,null,null,Nevermore Set,OUTFIT,RELEASED
Raven,Brooding master of dark skies.,LEGENDARY,raven,0,0,null,null,2000,0,null,null,Nevermore Set,OUTFIT,RELEASED
Red Knight,The red menace of Anarchy Acres.,LEGENDARY,red-knight,0,0,null,null,2000,0,null,null,Fort Knights Set,OUTFIT,RELEASED
Rex,Hunting the competition to extinction.,LEGENDARY,rex,0,0,null,null,2000,0,null,null,null,OUTFIT,RELEASED
Sky Stalker,Barrel roll through the competition.,LEGENDARY,sky-stalker,0,0,null,null,2000,0,null,null,Sky Stalker Set,OUTFIT,RELEASED
The Reaper,Vengeance for hire.,LEGENDARY,the-reaper,3,100,null,null,0,0,null,null,Hired Gun Set,OUTFIT,RELEASED
Tricera Ops,Sink your teeth into victory.,LEGENDARY,tricera-ops,0,0,null,null,2000,0,null,null,Dino Guard Set,OUTFIT,RELEASED
Valor,A beaon for hope.,LEGENDARY,valor,4,71,null,null,0,0,null,null,Valiant Set,OUTFIT,RELEASED
Vertex,From beyond the point of no return.,LEGENDARY,vertex,0,0,null,null,2000,0,null,null,Apex Protocol Set,OUTFIT,RELEASED
Wukong,Long live the king.,LEGENDARY,wukong,0,0,null,null,2000,0,null,null,Wukong Set,OUTFIT,RELEASED
Absolute Zero,Freeze out the competition,RARE,absolute-zero,0,0,null,null,1200,0,null,null,Arctic Command Set,OUTFIT,RELEASED
Aerial Assault Trooper,Rare aerial assault trooper outfit.,RARE,aerial-assualt-trooper,0,0,null,null,1200,0,null,null,null,OUTFIT,RELEASED
Aerial Threat,Represent your country in style!,RARE,aerial-threat,0,0,null,null,1200,0,null,null,Goalbound Set,OUTFIT,RELEASED
Artic Assassin,Stay frosty.,RARE,arctic-assassin,0,0,null,null,1200,0,null,null,Arctic Command Set,OUTFIT,RELEASED
Blue Squire,The bold warrior of Moisty Mire.,RARE,blue-squire,2,1,null,null,0,0,null,null,Fort Knights Set,OUTFIT,RELEASED
Brawler,Rare brawler outfit.,RARE,brawler,0,0,null,null,1200,0,null,null,null,OUTFIT,RELEASED
Brilliant Striker,Strike true.,RARE,brilliant-striker,0,0,null,null,1200,0,null,null,null,OUTFIT,RELEASED
Brite Bomber,The future looks bright…,RARE,brite-bomber,0,0,null,null,1200,0,null,null,Sunshine and Rainbows Set,OUTFIT,RELEASED
Chopper,No one crosses Chopper and rides away.,RARE,chopper,0,0,null,null,1200,0,null,null,Biker Brigade Set,OUTFIT,RELEASED
Chromium,Solid to the core.,RARE,chromium,0,0,null,null,1200,0,null,null,Solid Steel Set,OUTFIT,RELEASED
Cipher,Decoding the opposition's weakness.,RARE,cipher,0,0,null,null,1200,0,null,null,Overclocked Set,OUTFIT,RELEASED
Circuit Breaker,The deadliest keyword cowboy in the west.,RARE,circuit-breaker,0,0,null,null,1200,0,null,null,Overclocked Set,OUTFIT,RELEASED
Clinical Crosser,Represent your country in style!,RARE,clinical-crosser,0,0,null,null,1200,0,null,null,Goalbound Set,OUTFIT,RELEASED
Codename E.L.F,Elusive. Lethal. Festive.,RARE,codename-elf,0,0,null,null,1200,0,null,null,null,OUTFIT,RELEASED
Dazzle,The dominator of Dusty Depot.,RARE,dazzle,0,0,null,null,1200,0,null,null,null,OUTFIT,RELEASED
Desperado,Rare desoerado outfit.,RARE,desperado,0,0,null,null,1200,0,null,null,null,OUTFIT,RELEASED
Diecast,The die has been cast.,RARE,diecast,0,0,null,null,1200,0,null,null,Solid Steel Set,OUTFIT,RELEASED
Dynamic Dribbler,Represent your country in style!,RARE,dynamic-dribbler,0,0,null,null,1200,0,null,null,Goalbound Set,OUTFIT,RELEASED
Dynamo,Rule the ring.,RARE,dynamo,0,0,null,null,1200,0,null,null,Lucha Set,OUTFIT,RELEASED
Finesse Finisher,Represent your country in style!,RARE,finesse-finisher,0,0,null,null,1200,0,null,null,Goalbound Set,OUTFIT,RELEASED
First Strike Specialist,Rare First Strike Specialist.,RARE,first-strike-specialist,0,0,null,null,1200,0,null,null,null,OUTFIT,RELEASED
Fortune,Take charge of your fortune.,RARE,fortune,0,0,null,null,1200,0,null,null,Sharp Style Set,OUTFIT,RELEASED
Hyperion,The gladiator of Greasy Grove.,RARE,hyperion,0,0,null,null,1200,0,null,null,null,OUTFIT,RELEASED
Infiltrator,Rare infiltrator outfit.,RARE,infiltrator,0,0,null,null,1200,0,null,null,null,OUTFIT,RELEASED
Jumpshot,Vertical Victory,RARE,jumpshot,0,0,null,null,1200,0,null,null,Half Court Set,OUTFIT,RELEASED
Masked Fury,Who's behind the mask?,RARE,masked-fury,0,0,null,null,1200,0,null,null,Lucha Set,OUTFIT,RELEASED
Midfield Maestro,Represent your country in style!,RARE,midfield-maestro,0,0,null,null,1200,0,null,null,Goalbound Set,OUTFIT,RELEASED
Midnight Ops,Strike by night.,RARE,midnight-ops,0,0,null,null,1200,0,null,null,Stealth Syndicate Set,OUTFIT,RELEASED
Moniker,Make a name for yourself.,RARE,moniker,0,0,null,null,1200,0,null,null,Sharp Style Set,OUTFIT,RELEASED
Munition Expert,Rare Munitions Expert outfit.,RARE,munition-expert,0,0,null,null,1200,0,null,null,null,OUTFIT,RELEASED
Poised Playmaker,Represent your country in style!,RARE,posied-playmaker,0,0,null,null,1200,0,null,null,Goalbound Set,OUTFIT,RELEASED
Radiant Striker,Strike first.,RARE,radian-striker,0,0,null,null,1200,0,null,null,null,OUTFIT,RELEASED
Recon Expert,Rare recon expert outfit.,RARE,recon-expert,0,0,null,null,1200,0,null,null,null,OUTFIT,RELEASED
Recon Scout,Rare recon scout outfit.,RARE,recon-scout,0,0,null,null,1200,0,null,null,null,OUTFIT,RELEASED
Recon Specialist,Rare recond specialist outfit.,RARE,recon-specialist,0,0,null,null,1200,0,null,null,null,OUTFIT,RELEASED
Red-Nosed Raider,It's time for some reindeer games.,RARE,red-nosed-raider,0,0,null,null,1200,0,null,null,null,OUTFIT,RELEASED
Renegade Raider,Rare renegade raider outfit.,RARE,renegrade-raider,0,0,null,null,1200,0,null,null,Storm Scavenger Set,OUTFIT,RELEASED
Royale Knight,The dauntless champion of Tomato Town.,RARE,royale-knight,2,21,null,null,0,0,null,null,Fort Knights Set,OUTFIT,RELEASED
Sash Sergeant,Set up camp and start a firefight.,RARE,sash-sergeant,0,0,null,null,1200,0,null,null,null,OUTFIT,RELEASED
Snorkel Ops,Diving head first into the fight.,RARE,snorkel-ops,0,0,null,null,1200,0,null,null,null,OUTFIT,RELEASED
Special Forces,Rare Special Forces Outfit.,RARE,special-forces,0,0,null,null,1200,0,null,null,null,OUTFIT,RELEASED
Stalwart Sweeper,Represent your country in style!,RARE,stalwart-sweeper,0,0,null,null,1200,0,null,null,Goalbound Set,OUTFIT,RELEASED
Super Striker,Represent your country in style!,RARE,super-striker,0,0,null,null,1200,0,null,null,Goalbound Set,OUTFIT,RELEASED
Survival Specialist,Rare Survival Specialist outfit.,RARE,survival-specialist,0,0,null,null,1200,0,null,null,null,OUTFIT,RELEASED
Sushi Master,Roll out!,RARE,sushi-master,0,0,null,null,1200,0,null,null,Sushi Set,OUTFIT,RELEASED
Triple Threat,It's all about the fundamentals,RARE,triple-threat,0,0,null,null,1200,0,null,null,Half Court Set,OUTFIT,RELEASED
Armadillo,Thick skinned and battle hardened.,UNCOMMON,armadillo,0,0,null,null,800,0,null,null,Advanced Forces Set,OUTFIT,RELEASED
Assault Trooper,Uncommon Assault Trooper outfit.,UNCOMMON,assault-trooper,0,0,null,null,800,0,null,null,null,OUTFIT,RELEASED
Commando,Uncommon commando outfit.,UNCOMMON,commando,0,0,null,null,800,0,null,null,null,OUTFIT,RELEASED
Crimson Scout,A dashing and deadly scout.,UNCOMMON,crimson-scout,0,0,null,null,800,0,null,null,null,OUTFIT,RELEASED
Devastator,Dominate the eye of the storm.,UNCOMMON,devastator,0,0,null,null,800,0,null,null,Storm Fusion Set,OUTFIT,RELEASED
Dominator,One step ahead of the pack.,UNCOMMON,dominator,0,0,null,null,800,0,null,null,Storm Fusion Set,OUTFIT,RELEASED
Highrise Assault Trooper,Rise to the top.,UNCOMMON,highrise-assault-trooper,0,0,null,null,800,0,null,null,null,OUTFIT,RELEASED
Jungle Scout,Blaze a trail to victory,UNCOMMON,jungle-scout,0,0,null,null,800,0,null,null,null,OUTFIT,RELEASED
LiteShow,Light it up!,UNCOMMON,liteshow,0,0,null,null,800,0,null,null,Neon Glow Set,OUTFIT,RELEASED
NiteLite,Never afraid of the dark.,UNCOMMON,nitelite,0,0,null,null,800,0,null,null,Neon Glow Set,OUTFIT,RELEASED
Nog Ops,Have youself a little merry skirmish.,UNCOMMON,nog-ops,0,0,null,null,800,0,null,null,null,OUTFIT,RELEASED
Pathfinder,Uncommon pathfinder outfit.,UNCOMMON,pathfinder,0,0,null,null,800,0,null,null,null,OUTFIT,RELEASED
Ranger,A ranger outfit.,UNCOMMON,ranger,0,0,null,null,800,0,null,null,null,OUTFIT,RELEASED
Renegade,Uncommon renegade outfit.,UNCOMMON,renegade,0,0,null,null,800,0,null,null,null,OUTFIT,RELEASED
Scarlet Defender,Poised for victory.,UNCOMMON,scarlet-defender,0,0,null,null,800,0,null,null,null,OUTFIT,RELEASED
Scorpion,Beware the stinger.,UNCOMMON,scorpion,0,0,null,null,800,0,null,null,Advanced Forces Set,OUTFIT,RELEASED
Scout,Uncommon scout outfit.,UNCOMMON,scout,0,0,null,null,800,0,null,null,null,OUTFIT,RELEASED
Sgt Green Clover,Good luck out there!,UNCOMMON,sgt-green-clover,0,0,null,null,800,0,null,null,Green Clover Set,OUTFIT,RELEASED
Star-Spanged Trooper,Salute your stripes,UNCOMMON,star-spangled-trooper,0,0,null,null,800,0,null,null,Stars and Striped Set,OUTFIT,RELEASED
Star-Spangled Ranger,Make'em see stars.,UNCOMMON,star-spangled-ranger,0,0,null,null,800,0,null,null,Stars and Striped Set,OUTFIT,RELEASED
Tactics Officer,Ready for action.,UNCOMMON,tactics-officer,0,0,null,null,800,0,null,null,null,OUTFIT,RELEASED
Tower Recon Specialist,Master of the mean streets.,UNCOMMON,tower-recon-specialist,0,0,null,null,800,0,null,null,null,OUTFIT,RELEASED
Tracker,Uncommon tracker outfit.,UNCOMMON,tracker,0,0,null,null,800,0,null,null,null,OUTFIT,RELEASED
Trooper,Uncommon trooper outfit.,UNCOMMON,trooper,0,0,null,null,800,0,null,null,null,OUTFIT,RELEASED
Whiplash,Brake for no one.,UNCOMMON,whiplash,0,0,null,null,800,0,null,null,Racer Royale Set,OUTFIT,RELEASED
Yuletide Ranger,Up on the rooftop…,UNCOMMON,yuletide-ranger,0,0,null,null,800,0,null,null,null,OUTFIT,RELEASED
Boogie,Leave your mark.,UNCOMMON,boogie,5,12,null,null,0,0,null,null,null,SPRAY,RELEASED
Circle,Leave your mark.,UNCOMMON,circle,4,34,null,null,0,0,null,null,null,SPRAY,RELEASED
Crazy Castle,Leave your mark.,UNCOMMON,crazy-castle,5,2,null,null,0,0,null,null,null,SPRAY,RELEASED
Drift,Leave your mark.,UNCOMMON,drift,5,54,null,null,0,0,null,null,null,SPRAY,RELEASED
Good Vibes,Leave your mark.,UNCOMMON,good-vibes,5,38,null,null,0,0,null,null,null,SPRAY,RELEASED
Laser Chomp,Leave your mark.,UNCOMMON,laser-chomp,5,62,null,null,0,0,null,null,null,SPRAY,RELEASED
Lucha GG,Leave your mark.,UNCOMMON,lucha-gg,5,29,null,null,0,0,null,null,null,SPRAY,RELEASED
Mask,Leave your mark.,UNCOMMON,mask,4,80,null,null,0,0,null,null,null,SPRAY,RELEASED
Skull & Beard,Leave your mark.,UNCOMMON,skull-and-beard,5,99,null,null,0,0,null,null,null,SPRAY,RELEASED
Strawberry Paws,Leave your mark.,UNCOMMON,strawberry-paws,5,22,null,null,0,0,null,null,null,SPRAY,RELEASED
Sushi,Leave your mark.,UNCOMMON,sushi,5,6,null,null,0,0,null,null,null,SPRAY,RELEASED
Three Llamas,Leave your mark.,UNCOMMON,three-llamas,4,62,null,null,0,0,null,null,null,SPRAY,RELEASED
Yummy,Leave your mark.,UNCOMMON,yummy,5,94,null,null,0,0,null,null,null,SPRAY,RELEASED
Fancy Basketball,From downtown!,EPIC,fancy-basketball,5,91,null,null,0,0,null,null,null,TOY,RELEASED
Fancy Beach Ball,Perfectly inflated.,EPIC,fancy-beach-ball,5,75,null,null,0,0,null,null,null,TOY,RELEASED
Fancy Golf Ball,Sink the putt!,EPIC,fancy-gold-ball,5,59,null,null,0,0,null,null,null,TOY,RELEASED
Basketball,Shoot a three!,RARE,basketball,5,11,null,null,0,0,null,null,null,TOY,RELEASED
Beach Ball,Summer fun!,RARE,beach-ball,5,43,null,null,0,0,null,null,null,TOY,RELEASED
Golf Ball,Fore!,RARE,golf-ball,5,27,null,null,0,0,null,null,null,TOY,RELEASED
Abtract,Leave your mark.,UNCOMMON,abstact,4,54,null,null,0,0,null,null,null,SPRAY,RELEASED
Arrow,Leave your mark.,UNCOMMON,arrow,4,42,null,null,0,0,null,null,null,SPRAY,RELEASED
Chalk Outline,Leave your mark.,UNCOMMON,chalk-outline,4,29,null,null,0,0,null,null,null,SPRAY,RELEASED
Do It!,Leave your mark.,UNCOMMON,do-it,4,56,null,null,0,0,null,null,null,SPRAY,RELEASED
Durrr,Leave your mark.,UNCOMMON,durrr,5,40,null,null,0,0,null,null,null,SPRAY,RELEASED
Fake Door,Leave your mark.,UNCOMMON,fake-door,5,48,null,null,0,0,null,null,null,SPRAY,RELEASED
GG Smiley,Leave your mark.,UNCOMMON,gg-smiley,4,14,null,null,0,0,null,null,null,SPRAY,RELEASED
Kiss,Leave your mark.,UNCOMMON,kiss,4,78,null,null,0,0,null,null,null,SPRAY,RELEASED
Looted,Leave your mark.,UNCOMMON,looted,4,38,null,null,0,0,null,null,null,SPRAY,RELEASED
Norse Llama,Leave your mark.,UNCOMMON,norse-llama,5,72,null,null,0,0,null,null,null,SPRAY,RELEASED
Pixels Royale,Leave your mark.,UNCOMMON,pixels-royale,5,26,null,null,0,0,null,null,null,SPRAY,RELEASED
Potato Aim,Leave your mark.,UNCOMMON,potato-aim,5,80,null,null,0,0,null,null,null,SPRAY,RELEASED
Rainbow,Leave your mark.,UNCOMMON,rainbow,4,10,null,null,0,0,null,null,null,SPRAY,RELEASED
Raven,Leave your mark.,UNCOMMON,raven,4,72,null,null,0,0,null,null,null,SPRAY,RELEASED
Royal Stroll,Leave your mark.,UNCOMMON,royal-stroll,4,48,null,null,0,0,null,null,null,SPRAY,RELEASED
Shadow Ops,Leave your mark.,UNCOMMON,shadow-ops,4,99,null,null,0,0,null,null,null,SPRAY,RELEASED
Teknique,Leave your mark.,UNCOMMON,teknique,4,86,null,null,0,0,null,null,null,SPRAY,RELEASED
Trap Warning,Leave your mark.,UNCOMMON,trap-warning,4,70,null,null,0,0,null,null,null,SPRAY,RELEASED
Tunnel,Leave your mark.,UNCOMMON,tunnel,4,94,null,null,0,0,null,null,null,SPRAY,RELEASED
Window,Leave your mark.,UNCOMMON,window,4,66,null,null,0,0,null,null,null,SPRAY,RELEASED
X Mark,Leave your mark.,UNCOMMON,x-mark,4,3,null,null,0,0,null,null,null,SPRAY,RELEASED
Royale Bomber,Searching for a target-rich enviroment.,EPIC,royale-bomber,0,0,null,Playstation 4 Fortnite Bundle,0,0,null,null,null,OUTFIT,RELEASED
Blue Streak,Like a bolt from the blue!,RARE,blue-streak,0,0,null,Playstation Plus,0,0,null,null,null,GLIDER,RELEASED
Blue Team Leader,Lead your squad to victory.,RARE,blue-team-leader,0,0,null,Playstation Plus,0,0,null,null,null,OUTFIT,RELEASED
Blue Shift,Brilliantly Blue.,EPIC,blue-shift,0,0,Blue Striker,Playstation Plus,0,0,null,null,null,BACKBLING,RELEASED
Blue Striker,Make victory your reality.,EPIC,blue-striker,0,0,null,Playstation Plus,0,0,null,null,null,OUTFIT,RELEASED
Galaxy,Victory is written in the stars.,EPIC,galaxy,0,0,null,Samsung Galaxy Bundle,0,0,null,null,null,OUTFIT,RELEASED
Pursuit,On the trail.,LEGENDARY,pursuit,0,0,Warpaint,Save The World Founder's Pack,0,0,null,null,null,BACKBLING,RELEASED
Skirmish,Stay in the fight!,LEGENDARY,skirmish,0,0,Rose Team Leader,Save The World Founder's Pack,0,0,null,null,null,BACKBLING,RELEASED
Founder's Glider,Founder's exclusive.,COMMON,founders-glider,0,0,null,Save The World Founder's Pack,0,0,null,null,null,GLIDER,RELEASED
Rose Team Leader,Stop and smell the victory.,LEGENDARY,rose-team-leader,0,0,null,Save The World Founder's Pack,0,0,null,null,null,OUTFIT,RELEASED
Warpaint,Dress for the job you want.,LEGENDARY,warpaint,0,0,null,Save The World Founder's Pack,0,0,null,null,null,OUTFIT,RELEASED
True North,Find your way.,EPIC,true-north,0,0,null,Twitch Prime,0,0,null,null,Advanced Forces Set,BACKBLING,RELEASED
Backup Plan,Leave a wake of destructions,LEGENDARY,backup-plan,0,0,null,Twitch Prime,0,0,null,null,null,BACKBLING,RELEASED
Slipstream,Get right down to business.,EPIC,slipstream,0,0,null,Twitch Prime,0,0,null,null,null,GLIDER,RELEASED
Instigator,Start something.,RARE,instigator,0,0,null,Twitch Prime,0,0,null,null,null,HARVESTINGTOOL,RELEASED
Tenderizer,Leave a good first impression.,RARE,tenderizer,0,0,null,Twitch Prime,0,0,null,null,Advanced Forces Set,HARVESTINGTOOL,RELEASED
Sub Commander,Show 'em how it's done.,EPIC,sub-commander,0,0,null,Twitch Prime,0,0,null,null,null,OUTFIT,RELEASED
Trailblazer,On the forefront of victory,EPIC,trailblazer,0,0,null,Twitch Prime,0,0,null,null,Advanced Forces Set,OUTFIT,RELEASED
Havoc,Striking fear into the opposition,LEGENDARY,havoc,0,0,null,Twitch Prime,0,0,null,null,null,OUTFIT,RELEASED
Freestylin',Tear up the dance floor.,EPIC,freestylin,0,0,null,Twitch Prime,0,0,null,null,null,DANCE,RELEASED
Insignia,Emblazoned shield.,RARE,insignia,0,0,null,Wegame,0,0,null,null,null,BACKBLING,RELEASED
Embers,Freefall in style.,RARE,embers,0,0,null,Wegame,0,0,Refer Friends,null,null,CONTRAIL,RELEASED
Enforcer,Balance and order must be restored.,LEGENDARY,enforcer,0,0,null,null,0,0,Road Trip Challenges,null,null,OUTFIT,RELEASED
Solo Showdown,Leave your mark.,UNCOMMON,solo-showdown,0,0,null,null,0,0,Solo Showdown,null,null,SPRAY,RELEASED
Founders Umbrella,Founder's exclusive!,COMMON,founders-umbrella,0,0,null,Save The World Founder's Pack,0,0,Victory,null,null,GLIDER,RELEASED
Snowflake,A victory umbrella handcrafted from locally sourced snowflakes.,COMMON,snowflake,0,0,null,null,0,0,Victory Season 2,null,null,GLIDER,RELEASED
Victory Royale,Express yourself on the battlefield.,UNCOMMON,victory-royale,0,0,null,null,0,0,Victory Season 4,null,null,EMOTICON,RELEASED
The Umbrella,The fabled victory umbrella.,COMMON,the-umbrella,0,0,null,null,0,0,Victory Any Season,null,null,GLIDER,RELEASED
Paper Parasol,A victory umbrella for Battle Royale Season 3.,COMMON,paper-parasol,0,0,null,null,0,0,Victory Season 3,null,null,GLIDER,RELEASED
Wet Paint,Represent your Season 4 Victory Royale in style!,COMMON,wet-paint,0,0,null,null,0,0,Victory Season 4,null,null,GLIDER,RELEASED
Beach Umbrella,Bask in victory. Relax in the shade.,COMMON,beach-umbrella,0,0,null,null,0,0,Victory Season 5,null,null,GLIDER,RELEASED
Omega,There can be only one.,LEGENDARY,omega,4,100,null,null,0,0,null,Omega Style,Omega Set,OUTFIT,RELEASED
Ragnarok,The cold harbinger of fate.,LEGENDARY,ragnarok,5,100,null,null,0,0,null,Ragnarok Style,Harbinger Set,OUTFIT,RELEASED
The Visitor,Intentions unknown.,LEGENDARY,the-visitor,0,0,null,null,0,0,Blockbuster Challenges,The Visitor Style,null,OUTFIT,RELEASED
TomatoHead,Extra saucey.,EPIC,tomatohead,0,0,null,null,1500,0,Tomatohead Challenges,Tomatohead Style,Pizza Pit Set,OUTFIT,RELEASED